dest_ip,dest_port,dest_country,metadata_file
192.252.208.70,14282,United States,socks5.txt
192.111.129.145,16894,United States,socks5.txt
72.195.34.35,27360,United States,socks5.txt
184.178.172.28,15294,United States,socks5.txt
184.178.172.25,15291,United States,socks5.txt
184.178.172.5,15303,United States,socks5.txt
68.1.210.163,4145,United States,socks5.txt
98.181.137.80,4145,United States,socks5.txt
208.65.90.3,4145,United States,socks5.txt
98.175.31.222,4145,United States,socks5.txt
68.71.245.206,4145,United States,socks5.txt
221.202.27.194,10807,China,socks5.txt
143.110.217.153,1080,Canada,socks5.txt
64.227.131.240,1080,India,socks5.txt
160.19.16.86,1080,Indonesia,socks5.txt
8.220.194.115,1080,South Korea,socks5.txt
138.199.25.13,3905,Singapore,socks5.txt
184.170.251.30,11288,United States,socks5.txt
161.49.116.131,1338,Philippines,socks5.txt
161.35.31.237,1080,Germany,socks5.txt
198.177.254.157,4145,United States,socks5.txt
69.49.234.59,55804,United States,socks5.txt
192.241.156.17,1080,United States,socks5.txt
104.248.197.67,1080,The Netherlands,socks5.txt
104.248.203.234,1080,The Netherlands,socks5.txt
103.171.83.25,10810,Indonesia,socks5.txt
138.199.25.13,3902,Singapore,socks5.txt
138.199.25.13,3903,Singapore,socks5.txt
61.9.34.118,58765,Philippines,socks5.txt
31.129.147.102,1080,Russia,socks5.txt
121.169.46.116,1090,South Korea,socks5.txt
5.183.70.46,1080,Russia,socks5.txt
115.127.112.178,1080,Bangladesh,socks5.txt
49.0.26.183,1080,Indonesia,socks5.txt
202.136.89.134,11311,Bangladesh,socks5.txt
213.35.126.34,10808,Singapore,socks5.txt
45.144.234.129,53764,Finland,socks5.txt
217.76.39.4,1080,Russia,socks5.txt
31.43.194.184,1080,Russia,socks5.txt
176.117.237.132,1080,Russia,socks5.txt
165.22.110.253,1080,Singapore,socks5.txt
128.140.76.145,10275,Australia,socks5.txt
128.140.76.145,16894,United States,socks5.txt
47.243.252.206,1100,Hong Kong,socks5.txt
8.219.221.159,1100,Singapore,socks5.txt
128.140.76.145,24581,Germany,socks5.txt
8.222.234.245,1145,Singapore,socks5.txt
128.140.76.145,10151,Canada,socks5.txt
128.140.76.145,10086,United States,socks5.txt
128.140.76.145,14895,Australia,socks5.txt
128.140.76.145,31756,Australia,socks5.txt
85.143.254.38,1080,Russia,socks5.txt
194.28.162.12,1080,Russia,socks5.txt
83.221.209.221,1080,Russia,socks5.txt
94.230.127.180,1080,Russia,socks5.txt
128.140.76.145,31456,Spain,socks5.txt
47.237.3.83,1100,Singapore,socks5.txt
8.219.148.250,1011,Singapore,socks5.txt
8.222.191.35,33333,Singapore,socks5.txt
128.140.76.145,11131,Canada,socks5.txt
213.5.17.84,1080,Russia,socks5.txt
47.237.3.83,33333,Singapore,socks5.txt
176.108.146.179,1080,Russia,socks5.txt
128.140.76.145,17220,Canada,socks5.txt
8.222.191.35,1100,Singapore,socks5.txt
8.222.191.35,1024,Singapore,socks5.txt
202.40.178.234,64564,Bangladesh,socks5.txt
128.140.76.145,15311,Canada,socks5.txt
154.205.155.19,8888,United States,socks5.txt
203.189.154.223,1080,Cambodia,socks5.txt
128.140.76.145,22120,Australia,socks5.txt
8.222.191.35,1111,Singapore,socks5.txt
128.140.76.145,10035,Australia,socks5.txt
85.90.197.62,1080,Greece,socks5.txt
128.140.76.145,12967,Australia,socks5.txt
128.140.76.145,54287,Spain,socks5.txt
36.255.98.177,5905,Vietnam,socks5.txt
128.140.76.145,23903,United States,socks5.txt
91.205.131.251,1080,Russia,socks5.txt
62.33.134.61,1080,Russia,socks5.txt
69.61.200.104,36181,United States,socks4.txt
66.42.224.229,41679,United States,socks4.txt
174.77.111.196,4145,United States,socks4.txt
174.64.199.82,4145,United States,socks4.txt
174.77.111.197,4145,United States,socks4.txt
72.195.34.58,4145,United States,socks4.txt
98.170.57.231,4145,United States,socks4.txt
184.181.217.210,4145,United States,socks4.txt
184.178.172.14,4145,United States,socks4.txt
138.59.177.117,5678,Honduras,socks4.txt
98.175.31.195,4145,United States,socks4.txt
98.188.47.132,4145,United States,socks4.txt
184.181.217.206,4145,United States,socks4.txt
184.178.172.3,4145,United States,socks4.txt
184.181.217.201,4145,United States,socks4.txt
184.181.217.220,4145,United States,socks4.txt
174.77.111.198,49547,United States,socks4.txt
70.166.167.55,57745,United States,socks4.txt
72.195.34.41,4145,United States,socks4.txt
184.178.172.26,4145,United States,socks4.txt
94.72.158.129,4153,Bulgaria,socks4.txt
184.185.2.12,4145,United States,socks4.txt
184.178.172.13,15311,United States,socks4.txt
198.8.94.174,39078,United States,socks4.txt
186.194.234.18,4153,Brazil,socks4.txt
124.41.213.174,5678,Nepal,socks4.txt
174.75.211.222,4145,United States,socks4.txt
190.108.84.168,4145,Peru,socks4.txt
12.218.209.130,13326,United States,socks4.txt
103.43.128.123,5678,Indonesia,socks4.txt
191.102.82.83,4153,Colombia,socks4.txt
190.220.25.42,4153,Argentina,socks4.txt
190.13.147.93,5678,Chile,socks4.txt
81.12.169.254,4153,Romania,socks4.txt
58.65.167.165,4145,Pakistan,socks4.txt
136.233.136.41,43314,India,socks4.txt
170.245.248.45,60606,Brazil,socks4.txt
98.191.0.37,4145,United States,socks4.txt
98.170.57.241,4145,United States,socks4.txt
208.65.90.21,4145,United States,socks4.txt
196.0.111.194,48009,Uganda,socks4.txt
138.255.240.66,40736,Brazil,socks4.txt
43.252.236.114,1080,Indonesia,socks4.txt
187.102.16.66,51327,Brazil,socks4.txt
118.174.143.38,4153,Thailand,socks4.txt
192.252.216.86,4145,United States,socks4.txt
103.121.195.12,61221,Bangladesh,socks4.txt
154.66.108.52,3629,Lesotho,socks4.txt
200.188.246.122,60606,Brazil,socks4.txt
200.105.252.170,5678,Ecuador,socks4.txt
14.63.49.131,4145,South Korea,socks4.txt
72.205.0.93,4145,United States,socks4.txt
68.71.249.158,4145,United States,socks4.txt
107.181.161.81,4145,United States,socks4.txt
67.201.39.14,4145,United States,socks4.txt
193.243.154.146,4145,Poland,socks4.txt
195.29.122.132,60606,Croatia,socks4.txt
142.54.232.6,4145,United States,socks4.txt
202.154.18.1,4996,Indonesia,socks4.txt
143.255.140.28,5678,Paraguay,socks4.txt
83.219.1.130,5678,Russia,socks4.txt
202.151.163.10,1080,Vietnam,socks4.txt
213.147.107.178,4153,Croatia,socks4.txt
138.68.21.132,40467,United States,socks4.txt
216.68.128.121,4145,United States,socks4.txt
62.4.37.104,60606,Montenegro,socks4.txt
176.214.78.230,5678,Russia,socks4.txt
213.21.53.119,4153,Russia,socks4.txt
72.211.46.99,4145,United States,socks4.txt
141.94.195.25,22558,France,socks4.txt
193.106.57.96,5678,Ukraine,socks4.txt
27.147.244.93,10888,Bangladesh,socks4.txt
139.59.24.173,1080,India,socks4.txt
190.242.59.158,4145,Colombia,socks4.txt
36.37.244.41,5678,Cambodia,socks4.txt
37.52.13.164,5678,Ukraine,socks4.txt
110.77.149.227,4153,Thailand,socks4.txt
103.182.240.75,1080,Indonesia,socks4.txt
109.106.196.250,4145,Russia,socks4.txt
115.187.50.40,5678,India,socks4.txt
161.35.82.57,1080,The Netherlands,socks4.txt
134.199.159.23,1080,Australia,socks4.txt
198.177.252.24,4145,United States,socks4.txt
198.177.254.131,4145,United States,socks4.txt
198.177.253.13,4145,United States,socks4.txt
38.51.243.174,5678,Colombia,socks4.txt
143.47.59.115,8118,Spain,socks4.txt
138.186.155.1,1085,Argentina,socks4.txt
38.252.213.64,5678,Peru,socks4.txt
197.232.47.122,5678,Kenya,socks4.txt
177.92.78.138,1080,Brazil,socks4.txt
185.133.239.244,16299,Germany,socks4.txt
177.66.43.189,4145,Brazil,socks4.txt
76.26.114.253,39593,United States,socks4.txt
103.60.138.33,4153,India,socks4.txt
184.182.240.12,4145,United States,socks4.txt
98.182.147.97,4145,United States,socks4.txt
98.178.72.30,4145,United States,socks4.txt
184.182.240.211,4145,United States,socks4.txt
98.182.171.161,4145,United States,socks4.txt
72.207.33.64,4145,United States,socks4.txt
192.104.242.158,4145,United States,socks4.txt
201.218.189.212,4153,Brazil,socks4.txt
80.78.73.142,65530,Albania,socks4.txt
168.227.148.21,4153,Brazil,socks4.txt
98.191.0.47,4145,United States,socks4.txt
185.140.102.218,5678,Poland,socks4.txt
180.92.231.220,6969,Bangladesh,socks4.txt
27.147.149.36,1080,Bangladesh,socks4.txt
213.173.92.102,5678,Austria,socks4.txt
37.18.73.60,5566,United States,socks4.txt
150.129.109.14,5678,India,socks4.txt
43.133.37.149,1080,Singapore,socks4.txt
94.181.33.149,40840,Russia,socks4.txt
147.135.62.204,9052,Sweden,socks4.txt
202.175.221.171,4153,Philippines,socks4.txt
202.83.42.210,2080,India,socks4.txt
1.20.235.153,5678,Thailand,socks4.txt
197.156.240.66,5678,Nigeria,socks4.txt
212.5.132.74,5678,Bulgaria,socks4.txt
41.174.132.82,5678,DR Congo,socks4.txt
103.31.45.203,1080,Indonesia,socks4.txt
74.62.23.242,39593,United States,socks4.txt
94.231.188.230,4153,Ukraine,socks4.txt
177.93.72.82,4153,Brazil,socks4.txt
161.97.68.9,1080,France,socks4.txt
103.145.30.46,1080,Indonesia,socks4.txt
103.248.9.229,5678,Indonesia,socks4.txt
177.126.89.63,4145,Brazil,socks4.txt
177.73.77.19,4153,Brazil,socks4.txt
125.228.143.207,4145,Taiwan,socks4.txt
125.228.94.153,4145,Taiwan,socks4.txt
131.0.245.82,60606,Brazil,socks4.txt
95.46.140.214,1081,Ukraine,socks4.txt
177.85.65.177,4153,Brazil,socks4.txt
187.44.211.118,4153,Brazil,socks4.txt
45.65.224.26,1080,Argentina,socks4.txt
85.89.184.87,5678,Poland,socks4.txt
103.229.252.67,1080,Pakistan,socks4.txt
45.61.188.134,44499,United States,socks4.txt
103.159.196.115,1928,Indonesia,socks4.txt
149.202.94.235,9078,United States,socks4.txt
202.72.232.254,1080,Bangladesh,socks4.txt
103.141.148.62,5678,Indonesia,socks4.txt
103.118.127.222,4153,Indonesia,socks4.txt
177.67.136.141,4153,Brazil,socks4.txt
102.38.49.193,4153,Somalia,socks4.txt
115.42.67.186,56534,Pakistan,socks4.txt
79.101.106.74,33608,Serbia,socks4.txt
187.95.136.46,5678,Brazil,socks4.txt
154.79.248.156,5678,Kenya,socks4.txt
185.215.54.66,3629,Armenia,socks4.txt
159.89.159.46,8087,United States,socks4.txt
47.206.214.2,54321,United States,socks4.txt
187.62.193.92,5678,Brazil,socks4.txt
171.247.246.103,1080,Vietnam,socks4.txt
162.214.3.183,3128,United States,connect.txt
88.198.212.91,3128,Germany,connect.txt
187.111.144.102,8080,Brazil,connect.txt
203.174.15.83,8080,Indonesia,connect.txt
103.166.158.33,8080,Indonesia,connect.txt
94.43.164.242,8080,Georgia,connect.txt
103.106.112.166,1234,Indonesia,connect.txt
209.14.98.6,8080,Colombia,connect.txt
209.14.98.5,8080,Colombia,connect.txt
128.199.113.85,9090,Singapore,connect.txt
103.217.224.29,8089,Indonesia,connect.txt
177.234.217.42,999,Ecuador,connect.txt
89.43.31.134,3128,T�rkiye,connect.txt
103.174.238.67,8080,Indonesia,connect.txt
91.211.212.6,32650,Greece,connect.txt
185.130.28.5,56789,Spain,connect.txt
136.228.160.250,8080,Myanmar,connect.txt
101.255.208.18,8090,Indonesia,connect.txt
68.183.179.119,8888,Singapore,connect.txt
103.238.232.198,8080,Indonesia,connect.txt
128.199.116.219,9090,Singapore,connect.txt
210.87.125.146,8090,Indonesia,connect.txt
103.191.165.146,8090,Indonesia,connect.txt
103.188.169.95,8080,Indonesia,connect.txt
45.4.202.170,999,Ecuador,connect.txt
103.183.8.118,8090,Indonesia,connect.txt
103.133.27.159,8085,Indonesia,connect.txt
181.209.71.222,8080,Argentina,connect.txt
188.19.15.242,8080,Russia,connect.txt
103.169.254.105,8080,Indonesia,connect.txt
103.156.14.18,8080,Indonesia,connect.txt
103.216.48.124,8080,Cambodia,connect.txt
181.209.82.203,999,Argentina,connect.txt
157.10.89.203,8880,Indonesia,connect.txt
103.160.182.125,8080,Indonesia,connect.txt
45.168.244.16,8080,Brazil,connect.txt
103.191.196.98,8881,Indonesia,connect.txt
143.255.147.242,8080,Brazil,connect.txt
103.165.157.247,8088,Indonesia,connect.txt
2.139.62.85,3128,Spain,connect.txt
147.75.34.105,443,The Netherlands,connect.txt
181.209.75.124,8080,Argentina,connect.txt
141.147.138.24,3128,Saudi Arabia,connect.txt
180.191.23.95,8081,Philippines,connect.txt
180.191.23.171,8081,Philippines,connect.txt
116.68.203.3,3128,Bangladesh,connect.txt
58.69.1.146,8082,Philippines,connect.txt
176.126.103.194,44214,Russia,connect.txt
103.168.148.129,8080,Indonesia,connect.txt
45.189.252.242,999,Mexico,connect.txt
175.158.63.166,1111,Indonesia,connect.txt
192.203.0.210,999,Puerto Rico,connect.txt
38.183.212.8,999,Venezuela,connect.txt
138.59.20.140,9999,Brazil,connect.txt
154.73.29.161,8080,Libya,connect.txt
190.111.218.142,999,Argentina,connect.txt
38.65.174.107,999,Mexico,connect.txt
103.156.75.132,8181,Indonesia,connect.txt
103.158.97.196,8080,Indonesia,connect.txt
103.238.232.202,8080,Indonesia,connect.txt
103.242.105.70,8080,Indonesia,connect.txt
5.134.48.59,8080,Azerbaijan,connect.txt
103.155.199.68,7777,Indonesia,connect.txt
45.236.66.163,8520,Brazil,connect.txt
185.82.99.204,92,Lebanon,connect.txt
45.166.93.113,999,Honduras,connect.txt
45.90.216.103,8080,Russia,connect.txt
181.40.18.42,999,Paraguay,connect.txt
103.82.246.23,6080,Indonesia,connect.txt
181.143.42.138,8080,Colombia,connect.txt
103.82.246.21,6080,Indonesia,connect.txt
103.194.175.51,7777,Indonesia,connect.txt
103.167.30.238,64999,Indonesia,connect.txt
181.115.67.3,999,Honduras,connect.txt
103.178.88.81,3128,Indonesia,connect.txt
190.97.232.248,999,Venezuela,connect.txt
103.173.140.145,8080,Indonesia,connect.txt
103.107.84.191,8080,Indonesia,connect.txt
103.122.65.242,8080,Indonesia,connect.txt
103.214.101.14,8083,Indonesia,connect.txt
157.10.97.229,8080,Indonesia,connect.txt
58.147.189.63,8081,Indonesia,connect.txt
190.242.157.215,8080,Colombia,connect.txt
103.161.69.17,2698,Bangladesh,connect.txt
154.19.38.195,1111,Indonesia,connect.txt
103.141.105.74,55,Indonesia,connect.txt
120.28.192.179,5050,Philippines,connect.txt
36.37.155.160,8080,Cambodia,connect.txt
143.255.111.114,3128,Brazil,connect.txt
103.159.96.75,8081,Indonesia,connect.txt
36.94.149.149,8090,Indonesia,connect.txt
36.88.141.105,8080,Indonesia,connect.txt
36.92.199.158,8080,Indonesia,connect.txt
14.232.228.80,8080,Vietnam,connect.txt
190.183.210.74,3129,Argentina,connect.txt
103.133.68.53,8080,Indonesia,connect.txt
103.154.230.80,8090,Indonesia,connect.txt
157.175.196.63,8854,Sweden,connect.txt
103.157.79.166,1111,Indonesia,connect.txt
216.122.181.204,999,Dominican Republic,connect.txt
13.212.81.49,9443,Germany,connect.txt
18.143.167.190,8060,Sweden,connect.txt
165.225.72.38,10456,Germany,connect.txt
165.225.72.38,11527,Germany,connect.txt
41.65.160.173,1976,Egypt,connect.txt
186.116.148.52,8080,Colombia,connect.txt
45.189.252.240,999,Mexico,connect.txt
165.225.72.38,11200,Germany,connect.txt
165.225.72.38,10001,Germany,connect.txt
103.139.98.74,8080,Indonesia,connect.txt
16.78.41.33,8220,Romania,connect.txt
103.36.10.254,8088,Indonesia,connect.txt
103.163.103.163,8010,Indonesia,connect.txt
78.12.193.250,27391,Germany,connect.txt
103.156.86.49,8080,Indonesia,connect.txt
122.53.64.156,8081,Philippines,connect.txt
210.87.74.65,8080,Indonesia,connect.txt
103.247.82.6,8081,Indonesia,connect.txt
43.216.1.13,119,Germany,connect.txt
13.218.86.1,8121,United States,connect.txt
43.209.8.12,4303,The Netherlands,connect.txt
78.12.82.74,1089,Sweden,connect.txt
103.169.132.70,8080,Indonesia,connect.txt
103.155.64.220,8080,Indonesia,connect.txt
78.12.82.74,8297,Germany,connect.txt
18.143.167.190,7339,Norway,connect.txt
43.208.240.77,8715,France,connect.txt
35.183.64.191,9903,The Netherlands,connect.txt
103.189.197.79,8080,Indonesia,connect.txt
78.12.143.148,9031,Germany,connect.txt
157.175.42.134,33638,Poland,connect.txt
103.173.72.24,1111,Indonesia,connect.txt
45.181.121.57,999,Chile,connect.txt
52.47.164.226,8228,Germany,connect.txt
113.11.64.18,9107,Bangladesh,connect.txt
102.66.163.87,9999,South Africa,connect.txt
181.174.231.247,8082,Colombia,connect.txt
147.75.34.92,10003,The Netherlands,connect.txt
177.234.217.238,999,Ecuador,connect.txt
180.190.188.183,8082,Philippines,connect.txt
103.109.213.134,4949,Bangladesh,connect.txt
103.191.169.218,1111,Indonesia,connect.txt
43.198.185.30,2024,Sweden,connect.txt
13.218.86.1,9232,Sweden,connect.txt
160.187.204.10,8090,Indonesia,connect.txt
113.11.64.137,9107,Bangladesh,connect.txt
113.11.65.229,9107,Bangladesh,connect.txt
91.209.77.93,3128,Czechia,connect.txt
13.60.209.160,9223,Sweden,connect.txt
120.92.212.16,8890,China,connect.txt
177.128.115.198,999,Chile,connect.txt
51.20.192.194,9545,Sweden,connect.txt
185.200.38.54,8080,T�rkiye,connect.txt
103.153.62.162,8090,Indonesia,connect.txt
177.39.72.73,8080,Brazil,connect.txt
103.165.229.172,8080,Indonesia,connect.txt
187.248.75.114,8081,Mexico,connect.txt
13.61.155.35,8199,France,connect.txt
103.215.60.46,8097,Indonesia,connect.txt
103.156.96.5,8088,Indonesia,connect.txt
154.27.196.232,999,Mexico,connect.txt
163.61.134.145,8081,Indonesia,connect.txt
45.169.169.14,8085,Argentina,connect.txt
115.147.165.116,8082,Philippines,connect.txt
161.49.89.217,8081,Philippines,connect.txt
103.249.19.173,10001,Indonesia,connect.txt
103.166.33.63,8080,Indonesia,connect.txt
103.99.136.110,1111,Indonesia,connect.txt
103.82.126.243,8080,Indonesia,connect.txt
202.154.19.55,8080,Indonesia,connect.txt
103.107.160.194,8082,Bangladesh,connect.txt
16.79.112.218,8781,Sweden,connect.txt
78.13.74.125,8596,United States,connect.txt
3.38.101.138,2873,Germany,connect.txt
13.61.155.35,9100,United States,connect.txt
103.15.214.233,8080,Indonesia,connect.txt
54.74.104.194,8181,Sweden,connect.txt
103.153.149.140,8181,Indonesia,connect.txt
157.100.56.12,8080,Ecuador,connect.txt
103.145.46.79,1452,Indonesia,connect.txt
15.160.148.69,4961,Germany,connect.txt
43.217.158.81,10,Germany,connect.txt
56.124.106.170,953,The Netherlands,connect.txt
157.175.43.137,8098,Romania,connect.txt
16.78.41.33,9447,United States,connect.txt
35.183.64.191,11741,United States,connect.txt
43.252.106.5,3128,Indonesia,connect.txt
78.12.230.52,33118,The Netherlands,connect.txt
144.124.227.90,10808,The Netherlands,connect.txt
120.28.216.101,8080,Philippines,connect.txt
161.35.181.96,999,United States,connect.txt
179.1.234.30,999,Colombia,connect.txt
175.140.232.165,8123,Malaysia,connect.txt
200.48.35.123,999,Peru,connect.txt
200.26.187.158,999,Dominican Republic,connect.txt
186.31.135.201,999,Colombia,connect.txt
200.48.35.124,999,Peru,connect.txt
38.172.160.160,999,Venezuela,connect.txt
177.200.80.174,8080,Brazil,connect.txt
51.20.126.89,52297,United States,connect.txt
8.243.197.202,999,Ecuador,connect.txt
203.175.100.146,8181,Indonesia,connect.txt
175.111.96.157,3128,Indonesia,connect.txt
165.225.72.38,10268,Germany,connect.txt
89.110.80.195,10149,The Netherlands,connect.txt
91.144.45.166,8081,Syria,connect.txt
91.211.104.6,8123,Russia,connect.txt
43.216.1.13,9102,Germany,connect.txt
18.163.3.251,8758,Sweden,connect.txt
103.14.150.22,8080,Bangladesh,connect.txt
138.204.12.130,999,Peru,connect.txt
45.122.123.29,1452,India,connect.txt
121.230.8.22,1080,China,connect.txt
131.255.227.104,3128,Brazil,connect.txt
62.193.108.145,1981,Egypt,connect.txt
180.211.177.206,58080,Bangladesh,connect.txt
200.24.130.146,999,Ecuador,connect.txt
13.115.193.75,18814,The Netherlands,connect.txt
43.210.30.230,9298,Switzerland,connect.txt
13.212.76.113,10084,Sweden,connect.txt
165.225.72.151,9401,Germany,connect.txt
13.232.2.142,8887,Sweden,connect.txt
51.17.184.165,21201,Germany,connect.txt
43.206.234.160,81,Luxembourg,connect.txt
187.190.58.152,8081,Mexico,connect.txt
103.189.197.53,8181,Indonesia,connect.txt
202.154.18.80,8082,Indonesia,connect.txt
131.0.91.117,8080,Brazil,connect.txt
187.190.58.152,80,Mexico,connect.txt
103.175.228.142,8080,Indonesia,connect.txt
45.117.63.190,8080,Bangladesh,connect.txt
176.117.105.227,8080,T�rkiye,connect.txt
49.151.92.189,8080,Philippines,connect.txt
59.153.18.174,1120,Bangladesh,connect.txt
103.245.204.90,1120,Bangladesh,connect.txt
59.153.18.93,1120,Bangladesh,connect.txt
147.75.34.93,10001,The Netherlands,connect.txt
202.77.127.98,8085,Indonesia,connect.txt
103.25.195.69,8181,Indonesia,connect.txt
189.89.154.130,3128,Brazil,connect.txt
200.76.28.204,999,Mexico,connect.txt
177.10.118.108,8089,Brazil,connect.txt
110.52.243.227,10809,United States,connect.txt
51.17.184.165,27836,The Netherlands,connect.txt
51.17.184.165,12256,Sweden,connect.txt
54.180.143.12,36974,Germany,connect.txt
3.93.66.245,56748,Sweden,connect.txt
78.12.220.164,48940,United States,connect.txt
103.176.96.126,8181,Indonesia,connect.txt
45.7.65.241,999,Mexico,connect.txt
103.255.132.215,1111,Indonesia,connect.txt
18.163.3.251,9067,Sweden,connect.txt
45.225.207.182,999,Chile,connect.txt
218.89.134.230,3333,China,connect.txt
59.153.18.230,1120,Bangladesh,connect.txt
147.75.34.93,10003,The Netherlands,connect.txt
45.225.207.183,999,Chile,connect.txt
49.144.18.121,8181,Philippines,connect.txt
3.29.21.109,8443,Sweden,connect.txt
51.20.184.59,80,United Kingdom,connect.txt
3.29.21.109,7855,Sweden,connect.txt
35.183.64.191,4733,Sweden,connect.txt
51.20.184.59,1080,France,connect.txt
13.36.243.194,8834,Sweden,connect.txt
128.140.76.145,14827,United States,connect.txt
157.175.196.122,7413,Germany,connect.txt
103.230.63.65,1120,Bangladesh,connect.txt
13.36.243.194,36853,The Netherlands,connect.txt
8.212.177.126,8080,Philippines,connect.txt
62.113.119.14,8080,Russia,connect.txt
189.148.9.181,8080,Mexico,connect.txt
144.125.164.222,8080,India,connect.txt
103.83.178.221,8080,Indonesia,connect.txt
102.219.170.116,8080,South Africa,connect.txt
34.39.246.220,3128,Brazil,connect.txt
20.80.217.164,3128,United States,connect.txt
50.17.40.179,8001,Sweden,connect.txt
112.204.248.185,8080,Philippines,connect.txt
103.191.196.219,8080,Indonesia,connect.txt
160.19.19.226,8080,Indonesia,connect.txt
40.177.211.224,181,Norway,connect.txt
50.17.40.179,16317,Italy,connect.txt
51.95.69.4,844,United States,connect.txt
157.66.192.115,8080,Indonesia,connect.txt
202.154.18.52,8080,Indonesia,connect.txt
128.140.76.145,25155,United Kingdom,connect.txt
18.143.167.190,498,United States,connect.txt
103.184.54.67,8090,Indonesia,connect.txt
128.140.76.145,10291,United States,connect.txt
103.190.113.126,8080,Indonesia,connect.txt
35.180.127.14,4916,The Netherlands,connect.txt
103.4.76.105,8585,Indonesia,connect.txt
36.92.106.41,8080,Indonesia,connect.txt
165.225.72.38,10843,Germany,connect.txt
40.177.211.224,166,United States,connect.txt
103.30.28.108,8585,Bangladesh,connect.txt
190.109.6.113,999,Colombia,connect.txt
103.30.30.109,8585,Bangladesh,connect.txt
54.74.104.194,59740,United States,connect.txt
103.242.105.148,1111,Indonesia,connect.txt
16.78.108.50,21759,Germany,connect.txt
115.127.178.42,2026,Bangladesh,connect.txt
91.205.82.53,49910,Italy,connect.txt
35.181.173.74,453,Germany,connect.txt
13.244.135.47,152,Germany,connect.txt
78.13.74.125,7302,The Netherlands,connect.txt
18.183.141.82,992,Luxembourg,connect.txt
103.239.41.111,8085,Indonesia,connect.txt
128.140.76.145,22916,United States,connect.txt
119.148.39.29,8444,Bangladesh,connect.txt
103.247.21.226,1111,Indonesia,connect.txt
128.140.76.145,20390,France,connect.txt
165.225.72.38,10869,Germany,connect.txt
203.150.128.183,8080,Thailand,connect.txt
40.192.3.100,798,The Netherlands,connect.txt
40.176.96.235,4145,The Netherlands,connect.txt
3.110.127.255,49621,The Netherlands,connect.txt
18.226.170.181,27524,Sweden,connect.txt
15.236.38.248,907,France,connect.txt
3.93.66.245,20202,United States,connect.txt
13.59.113.45,126,Italy,connect.txt
182.53.242.120,8080,Thailand,connect.txt
13.229.106.200,519,Denmark,connect.txt
54.74.104.194,2507,Iceland,connect.txt
108.137.1.116,827,The Netherlands,connect.txt
44.251.173.250,2068,Sweden,connect.txt
171.101.75.16,8080,Thailand,connect.txt
217.76.55.8,8888,France,connect.txt
13.212.81.49,979,United States,connect.txt
179.1.196.135,999,Colombia,connect.txt
51.95.69.4,36,The Netherlands,connect.txt
115.127.178.30,2026,Bangladesh,connect.txt
115.127.178.34,2026,Bangladesh,connect.txt
115.127.178.154,2026,Bangladesh,connect.txt
115.127.178.190,2026,Bangladesh,connect.txt
115.127.179.66,2026,Bangladesh,connect.txt
15.236.38.248,55975,The Netherlands,connect.txt
115.127.181.34,2026,Bangladesh,connect.txt
115.127.182.66,2026,Bangladesh,connect.txt
40.192.16.115,973,France,connect.txt
16.78.47.161,425,United States,connect.txt
165.225.72.151,11830,Germany,connect.txt
115.127.176.214,2026,Bangladesh,connect.txt
165.225.72.151,3128,Germany,connect.txt
128.140.76.145,21025,United States,connect.txt
128.140.76.145,16223,Canada,connect.txt
3.122.235.189,1121,United States,connect.txt
128.140.76.145,17924,United Kingdom,connect.txt
128.140.76.145,16371,United States,connect.txt
103.122.64.169,8181,Indonesia,connect.txt
13.212.76.113,7958,Luxembourg,connect.txt
35.152.252.253,12713,Sweden,connect.txt
40.192.27.104,34745,Luxembourg,connect.txt
43.225.151.137,1121,Bangladesh,connect.txt
13.36.243.194,3153,Germany,connect.txt
49.147.112.172,8082,Philippines,connect.txt
165.225.72.151,11560,Germany,connect.txt
43.224.118.130,1121,Bangladesh,connect.txt
51.16.56.189,49337,United States,connect.txt
18.143.173.102,7497,Germany,connect.txt
38.156.14.18,999,Dominican Republic,connect.txt
43.198.248.18,5042,United States,connect.txt
13.218.86.1,31180,Germany,connect.txt
13.244.135.47,3598,The Netherlands,connect.txt
15.168.235.57,30817,Germany,connect.txt
165.225.72.151,10565,Germany,connect.txt
165.225.72.38,11206,Germany,connect.txt
165.225.72.151,10443,Germany,connect.txt
202.5.54.70,21225,Bangladesh,connect.txt
202.5.56.34,21225,Bangladesh,connect.txt
190.97.247.252,999,Venezuela,connect.txt
13.36.243.194,770,United States,connect.txt
16.78.47.161,266,United States,connect.txt
165.225.72.38,11399,Germany,connect.txt
165.225.72.151,11753,Germany,connect.txt
202.5.36.118,21225,Bangladesh,connect.txt
115.127.179.62,2026,Bangladesh,connect.txt
3.93.66.245,496,Sweden,connect.txt
115.127.182.90,2026,Bangladesh,connect.txt
16.78.41.33,3346,Germany,connect.txt
34.236.148.220,939,Romania,connect.txt
165.225.72.151,11967,Germany,connect.txt
165.225.72.151,10655,Germany,connect.txt
165.225.72.151,11968,Germany,connect.txt
13.244.135.47,517,United States,connect.txt
15.160.151.84,9472,Germany,connect.txt
72.10.164.178,13073,Uruguay,connect.txt
3.110.127.255,66,The Netherlands,connect.txt
16.79.112.218,15016,United States,connect.txt
108.137.1.116,24982,Sweden,connect.txt
13.60.209.160,2000,The Netherlands,connect.txt
89.104.71.36,1080,Poland,connect.txt
18.60.222.217,9033,The Netherlands,connect.txt
43.208.16.199,48970,Germany,connect.txt
165.225.72.151,10717,Germany,connect.txt
40.192.3.100,13128,The Netherlands,connect.txt
3.35.25.117,3749,United States,connect.txt
13.59.97.103,53974,Sweden,connect.txt
16.78.93.162,9885,Germany,connect.txt
15.168.235.57,47293,United States,connect.txt
157.175.152.104,52701,Luxembourg,connect.txt
165.225.72.151,12055,Germany,connect.txt
18.163.49.218,17612,Poland,connect.txt
51.85.49.118,26501,Romania,connect.txt
165.225.72.151,12049,Germany,connect.txt
51.84.65.10,1337,United States,connect.txt
3.38.101.138,426,Germany,connect.txt
16.78.82.73,31034,Germany,connect.txt
165.225.72.150,11002,Germany,connect.txt
67.43.228.250,10061,India,connect.txt
51.84.65.10,33039,United States,connect.txt
8.212.157.10,8080,Philippines,connect.txt
101.109.46.243,8080,Thailand,connect.txt
103.222.255.195,8080,Indonesia,connect.txt
103.145.176.76,8080,Indonesia,connect.txt
47.81.14.7,3128,Thailand,connect.txt
15.160.125.231,52666,Sweden,connect.txt
103.126.119.110,8080,Indonesia,connect.txt
187.49.149.49,9999,Brazil,connect.txt
13.61.18.44,14785,United States,connect.txt
16.78.93.162,27737,Sweden,connect.txt
43.102.204.51,21008,United States,connect.txt
165.225.72.151,10861,Germany,connect.txt
40.192.3.100,43966,The Netherlands,connect.txt
18.60.222.217,28731,United States,connect.txt
43.198.99.209,9526,The Netherlands,connect.txt
157.175.43.137,42402,United States,connect.txt
43.102.204.46,34284,United States,connect.txt
43.102.204.46,27534,Australia,connect.txt
43.102.204.48,38383,Pakistan,connect.txt
51.85.49.118,46973,United States,connect.txt
51.92.196.114,1357,Sweden,connect.txt
165.225.72.151,10084,Germany,connect.txt
51.95.69.4,33386,Sweden,connect.txt
15.236.38.248,31698,The Netherlands,connect.txt
43.102.204.46,33720,United States,connect.txt
43.102.204.46,65460,Trinidad and Tobago,connect.txt
13.244.135.47,161,Sweden,connect.txt
51.84.65.10,29972,United States,connect.txt
43.102.204.46,36789,Jamaica,connect.txt
157.175.43.137,57402,Sweden,connect.txt
43.208.16.199,57435,Germany,connect.txt
43.198.99.209,2276,Germany,connect.txt
16.78.82.73,19985,Germany,connect.txt
43.102.204.48,33300,United States,connect.txt
40.192.3.100,9760,France,connect.txt
40.192.105.58,25864,Norway,connect.txt
43.210.30.230,43916,Sweden,connect.txt
78.12.220.164,14249,United States,connect.txt
43.102.204.46,31574,United States,connect.txt
3.249.110.142,4278,The Netherlands,connect.txt
52.47.164.226,44902,Sweden,connect.txt
18.179.12.21,37000,Luxembourg,connect.txt
43.102.204.48,37436,Australia,connect.txt
13.59.113.45,26541,United States,connect.txt
43.102.204.46,33520,United States,connect.txt
43.205.124.165,30092,Sweden,connect.txt
16.78.105.11,30114,United States,connect.txt
15.160.151.84,41016,Germany,connect.txt
13.61.18.44,39089,Luxembourg,connect.txt
43.205.124.165,41126,The Netherlands,connect.txt
35.183.64.191,31281,The Netherlands,connect.txt
51.84.65.10,8007,Germany,connect.txt
13.115.193.75,25373,Romania,connect.txt
78.13.74.125,30683,Sweden,connect.txt
43.206.234.160,8744,Germany,connect.txt
18.179.12.21,3904,United States,connect.txt
3.35.25.117,10350,Sweden,connect.txt
15.160.151.84,46921,Sweden,connect.txt
18.183.141.82,8744,Luxembourg,connect.txt
78.12.223.246,48388,Italy,connect.txt
165.225.72.151,11812,Germany,connect.txt
51.85.49.118,53625,Sweden,connect.txt
43.208.16.9,53652,Germany,connect.txt
40.192.16.115,59091,Germany,connect.txt
35.152.239.124,31326,United States,connect.txt
165.225.72.151,11320,Germany,connect.txt
165.225.72.150,11542,Germany,connect.txt
51.17.184.165,57853,Sweden,connect.txt
13.115.193.75,9647,United States,connect.txt
51.16.49.113,58992,Germany,connect.txt
78.12.230.52,58986,The Netherlands,connect.txt
78.12.220.164,12959,The Netherlands,connect.txt
43.208.240.77,12977,Germany,connect.txt
18.60.222.217,13908,Sweden,connect.txt
13.212.81.49,9483,Denmark,connect.txt
56.124.106.170,31281,Germany,connect.txt
51.85.49.118,59905,Sweden,connect.txt
54.154.27.41,54984,Sweden,connect.txt
43.204.25.18,55012,Sweden,connect.txt
40.192.14.136,31346,France,connect.txt
51.92.196.114,21169,Sweden,connect.txt
78.12.143.148,12094,The Netherlands,connect.txt
40.176.96.235,36207,Romania,connect.txt
15.160.148.69,13128,Sweden,connect.txt
52.47.164.226,8076,The Netherlands,connect.txt
67.43.228.250,2529,Algeria,connect.txt
103.69.150.140,1080,Bangladesh,connect.txt
43.209.8.12,44115,Sweden,connect.txt
43.102.204.48,30635,United States,connect.txt
13.244.135.47,44319,United States,connect.txt
13.244.135.47,49588,The Netherlands,connect.txt
51.48.124.225,21169,Sweden,connect.txt
34.236.148.220,20461,Sweden,connect.txt
43.208.25.125,16406,Germany,connect.txt
51.16.56.189,19549,Germany,connect.txt
16.78.105.11,48528,The Netherlands,connect.txt
43.216.1.13,48614,United States,connect.txt
13.229.106.200,29995,The Netherlands,connect.txt
157.175.42.134,197,United States,connect.txt
3.110.127.255,44485,United States,connect.txt
54.90.159.174,16464,United States,connect.txt
72.10.164.178,5239,United Arab Emirates,connect.txt
3.249.110.142,13073,The Netherlands,connect.txt
67.43.228.254,23503,India,connect.txt
54.180.143.12,19856,United States,connect.txt
198.49.68.80,80,United States,http.txt
47.56.110.204,8989,Hong Kong,http.txt
203.19.38.114,1080,China,http.txt
117.54.114.102,80,Indonesia,http.txt
46.35.9.110,80,France,http.txt
123.30.154.171,7777,Vietnam,http.txt
103.118.46.174,8080,Cambodia,http.txt
154.65.39.7,80,Senegal,http.txt
154.65.39.8,80,Senegal,http.txt
117.54.114.97,80,Indonesia,http.txt
135.181.154.225,80,Finland,http.txt
103.118.46.61,8080,Cambodia,http.txt
103.216.50.11,8080,Cambodia,http.txt
8.209.255.13,3128,Japan,http.txt
47.91.65.23,3128,Germany,http.txt
38.54.71.67,80,Nepal,http.txt
93.180.221.205,8080,Iraq,http.txt
122.116.125.115,8888,Taiwan,http.txt
84.39.112.144,3128,Switzerland,http.txt
103.84.177.28,8083,Philippines,http.txt
45.173.12.141,1994,Colombia,http.txt
185.138.120.109,8080,Iraq,http.txt
93.171.157.249,8080,Ukraine,http.txt
142.93.202.130,3128,United States,http.txt
103.155.190.242,8080,Indonesia,http.txt
103.176.96.136,8080,Indonesia,http.txt
159.65.230.46,8888,United States,http.txt
91.241.217.58,9090,Ukraine,http.txt
83.168.74.163,8080,Poland,http.txt
182.155.254.159,80,Taiwan,http.txt
109.95.220.45,8080,Russia,http.txt
220.233.184.21,80,Australia,http.txt
157.20.253.194,1111,Indonesia,http.txt
103.118.46.64,8080,Cambodia,http.txt
188.191.165.159,8080,Russia,http.txt
103.36.11.21,8080,Indonesia,http.txt
81.169.213.169,8888,Germany,http.txt
45.174.191.135,8080,Brazil,http.txt
103.180.119.182,8082,Indonesia,http.txt
31.10.83.158,8080,Russia,http.txt
79.110.200.27,8000,Poland,http.txt
218.75.224.4,3309,China,http.txt
186.96.50.113,999,Mexico,http.txt
154.0.14.116,3128,South Africa,http.txt
177.234.217.44,999,Ecuador,http.txt
177.234.217.43,999,Ecuador,http.txt
187.19.128.76,8090,Brazil,http.txt
38.194.246.34,999,Mexico,http.txt
200.34.227.28,8080,Brazil,http.txt
8.213.151.128,3128,South Korea,http.txt
47.243.92.199,3128,Hong Kong,http.txt
47.91.104.88,3128,United Arab Emirates,http.txt
177.234.217.45,999,Ecuador,http.txt
190.111.218.141,999,Argentina,http.txt
157.15.144.254,8080,Indonesia,http.txt
103.156.17.158,8818,Indonesia,http.txt
47.89.184.18,3128,United States,http.txt
103.156.16.193,8818,Indonesia,http.txt
103.171.83.49,8080,Indonesia,http.txt
152.167.226.43,999,Dominican Republic,http.txt
103.157.83.231,8080,Indonesia,http.txt
5.102.109.41,999,Mexico,http.txt
190.111.218.139,999,Argentina,http.txt
186.96.111.214,999,Colombia,http.txt
204.157.251.178,999,Dominican Republic,http.txt
185.154.8.1,56789,Spain,http.txt
160.251.142.232,80,Japan,http.txt
103.155.198.253,8006,Indonesia,http.txt
45.70.236.194,999,Ecuador,http.txt
103.173.140.133,1111,Indonesia,http.txt
103.14.2.89,2020,Indonesia,http.txt
160.19.18.99,8080,Indonesia,http.txt
103.167.170.186,2112,Indonesia,http.txt
122.2.48.121,8080,Philippines,http.txt
103.138.145.34,80,Bangladesh,http.txt
103.153.149.45,8035,Indonesia,http.txt
103.210.22.17,3128,Singapore,http.txt
202.47.185.2,8080,Indonesia,http.txt
103.153.247.118,8387,Indonesia,http.txt
36.64.52.234,4480,Indonesia,http.txt
103.183.19.34,3128,Indonesia,http.txt
124.108.6.20,8085,Cambodia,http.txt
160.119.228.146,12354,South Africa,http.txt
103.142.255.43,1111,Indonesia,http.txt
103.65.237.92,5678,Indonesia,http.txt
103.231.236.239,8182,Indonesia,http.txt
45.133.107.238,81,Armenia,http.txt
103.250.13.254,8080,Indonesia,http.txt
196.1.93.10,80,Senegal,http.txt
38.156.14.34,999,Dominican Republic,http.txt
103.156.140.239,8080,Indonesia,http.txt
92.86.207.198,8080,Romania,http.txt
190.12.150.244,999,Ecuador,http.txt
38.41.12.89,999,Venezuela,http.txt
47.74.157.194,80,Singapore,http.txt
45.239.175.60,8080,Brazil,http.txt
202.4.117.238,9999,Bangladesh,http.txt
103.172.70.195,1111,Indonesia,http.txt
103.239.41.117,8080,Indonesia,http.txt
103.167.4.10,8080,Indonesia,http.txt
103.148.39.50,82,India,http.txt
157.10.97.101,8181,Indonesia,http.txt
79.110.198.37,8080,Poland,http.txt
180.190.238.62,8080,Philippines,http.txt
123.58.199.232,8168,Vietnam,http.txt
175.29.125.242,8080,Bangladesh,http.txt
125.27.192.162,8081,Thailand,http.txt
197.221.234.253,80,Zimbabwe,http.txt
181.104.70.198,3128,Argentina,http.txt
103.199.215.43,6262,India,http.txt
103.171.255.59,8080,Indonesia,http.txt
91.217.179.174,8080,Ukraine,http.txt
177.129.249.170,8080,Brazil,http.txt
38.191.204.165,999,Colombia,http.txt
177.82.99.173,7823,Brazil,http.txt
181.78.75.13,999,Colombia,http.txt
160.20.38.38,8080,Indonesia,http.txt
177.234.194.31,999,Ecuador,http.txt
177.234.194.30,999,Ecuador,http.txt
217.29.208.206,9999,South Africa,http.txt
198.52.243.21,9999,Puerto Rico,http.txt
131.100.48.73,999,Colombia,http.txt
211.230.49.122,3128,South Korea,http.txt
80.74.54.148,3128,Germany,http.txt
60.246.182.143,80,Macao,http.txt
103.126.174.187,8080,Indonesia,http.txt
103.160.41.8,8080,Indonesia,http.txt
177.234.217.235,999,Ecuador,http.txt
103.247.21.204,1111,Indonesia,http.txt
148.113.172.51,8080,Canada,http.txt
203.95.199.159,8080,Cambodia,http.txt
177.234.217.236,999,Ecuador,http.txt
164.163.40.16,10000,Argentina,http.txt
177.234.217.82,999,Ecuador,http.txt
103.63.190.72,8080,Cambodia,http.txt
103.118.46.176,8080,Cambodia,http.txt
61.186.243.6,9002,China,http.txt
46.47.197.210,3128,Russia,http.txt
170.81.209.234,8080,Brazil,http.txt
49.156.44.116,8080,Cambodia,http.txt
116.197.131.29,8080,Indonesia,http.txt
14.234.141.1,20499,Vietnam,http.txt
160.22.64.16,202,Indonesia,http.txt
103.167.170.83,8097,Indonesia,http.txt
160.22.195.228,8097,Indonesia,http.txt
103.159.96.84,1080,Indonesia,http.txt
102.221.238.238,8080,Nigeria,http.txt
160.19.19.213,8080,Indonesia,http.txt
65.20.237.105,8080,Iraq,http.txt
213.142.156.97,80,T�rkiye,http.txt
49.0.37.210,8080,Bangladesh,http.txt
81.201.56.208,8080,Czechia,http.txt
77.37.192.246,8080,Russia,http.txt
170.245.132.80,999,Paraguay,http.txt
46.101.92.46,3128,United Kingdom,http.txt
45.174.94.26,999,Mexico,http.txt
103.248.9.109,3125,Indonesia,http.txt
67.43.236.20,19509,Philippines,http.txt
14.189.225.247,8080,Vietnam,http.txt
103.30.30.5,10521,Bangladesh,http.txt
103.126.87.160,8088,Indonesia,http.txt
103.249.19.13,10001,Indonesia,http.txt
61.91.202.211,8080,Thailand,http.txt
177.234.217.84,999,Ecuador,http.txt
177.234.217.83,999,Ecuador,http.txt
58.82.167.174,3128,Thailand,http.txt
181.79.234.90,999,Honduras,http.txt
164.163.42.29,10000,Argentina,http.txt
38.158.83.161,999,Peru,http.txt
103.169.238.65,8090,Indonesia,http.txt
103.155.64.55,8080,Indonesia,http.txt
198.145.118.250,8080,T�rkiye,http.txt
103.172.42.175,8084,Indonesia,http.txt
139.159.97.42,9798,Japan,http.txt
208.87.243.199,7878,United States,http.txt
203.76.120.118,8080,Bangladesh,http.txt
103.80.87.70,3128,The Netherlands,http.txt
200.174.198.32,8888,Brazil,http.txt
103.239.41.85,8080,Indonesia,http.txt
170.0.11.11,8080,Colombia,http.txt
47.251.57.165,1080,United States,http.txt
103.175.46.162,8080,Indonesia,http.txt
103.153.149.200,8181,Indonesia,http.txt
176.117.105.28,8080,T�rkiye,http.txt
160.25.174.47,8080,Indonesia,http.txt
122.52.191.68,8082,Philippines,http.txt
58.69.209.71,8082,Philippines,http.txt
176.117.106.126,8080,T�rkiye,http.txt
115.147.165.115,8082,Philippines,http.txt
103.187.86.14,8085,Indonesia,http.txt
103.3.246.71,3128,Vietnam,http.txt
210.223.44.230,3128,South Korea,http.txt
103.159.195.183,1080,Indonesia,http.txt
164.138.205.10,8080,T�rkiye,http.txt
102.23.252.108,8080,South Africa,http.txt
103.61.16.50,8080,Indonesia,http.txt
103.70.44.6,8080,India,http.txt
103.180.123.103,8090,Indonesia,http.txt
103.177.20.27,8181,Indonesia,http.txt
177.234.217.237,999,Ecuador,http.txt
177.234.217.234,999,Ecuador,http.txt
216.229.112.25,8080,United States,http.txt
103.73.193.134,8080,Indonesia,http.txt
79.110.200.148,8081,Poland,http.txt
103.188.168.76,8097,Indonesia,http.txt
79.110.202.131,8081,Poland,http.txt
164.90.151.28,3128,United States,http.txt
152.32.190.98,3128,Hong Kong,http.txt
109.122.17.129,999,Dominican Republic,http.txt
183.110.216.128,8090,South Korea,http.txt
183.110.216.159,8090,South Korea,http.txt
181.188.203.88,999,Ecuador,http.txt
200.188.112.138,999,Mexico,http.txt
186.31.135.203,999,Colombia,http.txt
200.188.112.142,999,Mexico,http.txt
200.188.112.139,999,Mexico,http.txt
200.139.91.250,3128,Brazil,http.txt
200.188.112.140,999,Mexico,http.txt
186.31.135.204,999,Colombia,http.txt
200.48.35.125,999,Peru,http.txt
213.73.25.230,8080,Poland,http.txt
200.59.186.176,999,Venezuela,http.txt
201.182.150.184,999,Ecuador,http.txt
38.188.247.12,999,Dominican Republic,http.txt
103.110.34.146,8080,Indonesia,http.txt
200.188.112.141,999,Mexico,http.txt
213.246.56.156,9080,France,http.txt
43.250.9.46,10088,Hong Kong,http.txt
5.58.7.214,8080,Ukraine,http.txt
177.234.217.46,999,Ecuador,http.txt
190.94.198.165,999,Venezuela,http.txt
200.24.130.150,999,Ecuador,http.txt
152.32.77.213,8095,Philippines,http.txt
172.105.118.164,3128,Singapore,http.txt
200.24.130.147,999,Ecuador,http.txt
36.88.137.114,8080,Indonesia,http.txt
185.99.70.164,8080,Czechia,http.txt
195.14.114.129,8080,Russia,http.txt
103.171.183.245,8097,Indonesia,http.txt
183.110.216.128,8091,South Korea,http.txt
167.249.52.66,999,Argentina,http.txt
103.154.230.86,8090,Indonesia,http.txt
148.224.58.230,8080,Mexico,http.txt
103.154.230.84,8090,Indonesia,http.txt
95.173.218.72,8081,Singapore,http.txt
45.170.245.86,3128,Mexico,http.txt
38.10.129.178,999,Dominican Republic,http.txt
95.173.218.72,8082,Singapore,http.txt
43.224.119.194,1120,Bangladesh,http.txt
200.59.191.233,999,Venezuela,http.txt
43.225.148.210,1120,Bangladesh,http.txt
43.224.118.206,1120,Bangladesh,http.txt
59.153.16.214,1120,Bangladesh,http.txt
45.177.178.17,999,Mexico,http.txt
43.224.116.22,1120,Bangladesh,http.txt
43.225.150.97,1120,Bangladesh,http.txt
103.245.206.70,1120,Bangladesh,http.txt
116.132.0.134,8060,China,http.txt
213.131.85.28,1976,Egypt,http.txt
218.236.166.96,8888,South Korea,http.txt
83.118.60.147,8213,Thailand,http.txt
103.134.85.145,3128,Indonesia,http.txt
193.122.96.242,3128,South Korea,http.txt
39.129.25.66,8060,China,http.txt
103.118.44.210,8080,Cambodia,http.txt
59.153.19.170,1120,Bangladesh,http.txt
45.177.178.23,999,Mexico,http.txt
45.177.178.194,999,Mexico,http.txt
45.177.178.242,999,Mexico,http.txt
210.209.236.242,80,Taiwan,http.txt
8.243.68.11,8080,Colombia,http.txt
38.211.24.114,8090,Indonesia,http.txt
202.154.18.12,8080,Indonesia,http.txt
35.88.74.245,80,United States,http.txt
65.108.103.19,80,Finland,http.txt
198.111.166.184,80,United States,http.txt
200.33.20.25,80,Mexico,http.txt
34.146.60.198,80,Japan,http.txt
85.220.141.220,80,Germany,http.txt
23.190.168.41,80,United States,http.txt
102.223.9.53,80,Tanzania,http.txt
185.135.69.34,80,Iraq,http.txt
212.114.194.73,80,Germany,http.txt
200.24.159.230,8080,Ecuador,http.txt
50.203.147.159,80,United States,http.txt
212.114.194.79,80,Germany,http.txt
5.231.204.52,80,Germany,http.txt
193.248.233.38,80,France,http.txt
197.221.249.199,80,Zimbabwe,http.txt
195.181.173.65,80,The Netherlands,http.txt
207.180.216.229,80,France,http.txt
139.162.200.213,80,United Kingdom,http.txt
46.62.248.217,80,Finland,http.txt
83.98.243.179,80,The Netherlands,http.txt
94.184.25.4,80,Iran,http.txt
173.249.210.102,80,United States,http.txt
15.204.243.210,80,United States,http.txt
193.36.85.226,80,Germany,http.txt
51.8.61.60,80,United States,http.txt
176.126.164.213,80,Kyrgyzstan,http.txt
212.114.194.75,80,Germany,http.txt
212.114.194.72,80,Germany,http.txt
217.150.43.249,8080,Russia,http.txt
44.213.1.118,80,Poland,http.txt
87.95.146.131,80,Finland,http.txt
23.148.152.46,80,United States,http.txt
172.238.22.205,80,Japan,http.txt
62.84.83.218,80,Lebanon,http.txt
41.139.151.147,80,Kenya,http.txt
8.218.220.123,8080,Hong Kong,http.txt
18.202.158.161,80,Ireland,http.txt
197.221.249.197,80,Zimbabwe,http.txt
144.202.113.89,80,United States,http.txt
41.220.16.208,80,Zimbabwe,http.txt
162.19.91.165,80,France,http.txt
103.125.31.222,80,Bangladesh,http.txt
27.34.242.98,80,India,http.txt
44.225.30.92,80,United States,http.txt
211.25.127.161,80,Malaysia,http.txt
197.221.234.149,80,Zimbabwe,http.txt
91.109.204.213,80,Russia,http.txt
82.115.25.50,80,Australia,http.txt
197.221.234.252,80,Zimbabwe,http.txt
41.220.16.209,80,Zimbabwe,http.txt
58.152.58.208,80,Hong Kong,http.txt
78.129.253.151,80,United Kingdom,http.txt
5.75.198.72,80,Germany,http.txt
13.235.43.214,80,India,http.txt
51.141.175.118,80,United States,http.txt
89.169.6.160,80,Germany,http.txt
46.4.72.215,80,Germany,http.txt
154.211.2.68,80,The Netherlands,http.txt
34.120.39.81,80,Belgium,http.txt
5.180.172.130,80,Finland,http.txt
5.75.200.75,80,Germany,http.txt
40.89.145.14,80,France,http.txt
82.153.217.169,80,Germany,http.txt
18.153.96.159,80,Germany,http.txt
218.252.118.9,80,Hong Kong,http.txt
58.182.192.85,80,Singapore,http.txt
60.244.184.155,80,Taiwan,http.txt
218.252.192.228,80,Hong Kong,http.txt
221.153.152.43,80,South Korea,http.txt
176.106.241.50,80,Russia,http.txt
147.231.163.133,80,Czechia,http.txt
45.59.186.60,80,United States,http.txt
188.120.171.94,80,Sweden,http.txt
95.217.5.45,80,Finland,http.txt
46.217.249.88,80,North Macedonia,http.txt
68.183.68.1,80,Germany,http.txt
178.212.144.7,80,Poland,http.txt
31.43.253.231,80,Ukraine,http.txt
195.26.224.135,80,The Netherlands,http.txt
93.115.240.28,80,Armenia,http.txt
85.209.161.102,80,India,http.txt
98.90.22.109,80,United States,http.txt
221.157.198.67,80,South Korea,http.txt
154.31.115.210,80,Japan,http.txt
43.224.4.109,80,Hong Kong,http.txt
35.202.49.74,80,United States,http.txt
58.152.22.150,80,Hong Kong,http.txt
91.98.78.143,80,Germany,http.txt
211.78.32.166,80,Taiwan,http.txt
103.30.211.34,80,Australia,http.txt
91.172.54.203,80,France,http.txt
62.60.235.5,80,The Netherlands,http.txt
188.239.43.6,80,Singapore,http.txt
116.49.248.98,80,Hong Kong,http.txt
4.213.167.178,80,India,http.txt
188.245.91.223,80,United States,http.txt
177.135.230.82,80,Brazil,http.txt
70.166.69.30,80,United States,http.txt
15.188.181.110,80,France,http.txt
42.98.241.58,80,Hong Kong,http.txt
212.47.232.28,80,France,http.txt
13.78.120.128,80,Japan,http.txt
15.207.63.47,80,India,http.txt
3.224.26.242,80,United States,http.txt
71.60.160.245,80,United States,http.txt
51.112.102.82,80,United Arab Emirates,http.txt
196.1.97.198,80,Senegal,http.txt
8.212.19.42,80,Hong Kong,http.txt
197.221.249.198,80,Zimbabwe,http.txt
197.221.240.246,80,Zimbabwe,http.txt
172.200.72.48,80,United States,http.txt
157.175.169.150,80,Bahrain,http.txt
182.138.104.91,80,China,http.txt
103.228.171.195,80,Germany,http.txt
178.162.242.88,80,Germany,http.txt
40.172.79.208,80,United Arab Emirates,http.txt
189.28.180.246,80,Brazil,http.txt
88.193.151.157,80,Finland,http.txt
77.110.104.126,80,Russia,http.txt
46.62.171.144,80,Finland,http.txt
89.169.9.180,80,Germany,http.txt
176.114.249.239,80,Czechia,http.txt
200.75.194.139,80,Panama,http.txt
123.205.71.210,80,Taiwan,http.txt
174.136.204.40,80,United States,http.txt
185.162.60.45,8080,Hungary,http.txt
39.109.130.95,80,Singapore,http.txt
52.229.30.3,80,United States,http.txt
84.253.226.149,80,Finland,http.txt
144.31.85.152,80,Germany,http.txt
58.182.198.111,80,Singapore,http.txt
80.78.18.52,80,Sweden,http.txt
91.98.78.64,80,Germany,http.txt
203.145.214.167,80,Taiwan,http.txt
202.133.209.149,80,Singapore,http.txt
95.216.49.153,80,Finland,http.txt
125.59.132.156,80,Hong Kong,http.txt
218.54.90.225,80,South Korea,http.txt
185.227.111.133,80,Germany,http.txt
14.42.58.191,80,South Korea,http.txt
218.37.228.22,80,South Korea,http.txt
210.209.216.78,80,Taiwan,http.txt
119.246.32.2,80,Hong Kong,http.txt
43.200.30.144,80,South Korea,http.txt
58.99.118.153,80,Taiwan,http.txt
162.19.131.138,80,France,http.txt
185.190.154.39,80,Serbia,http.txt
4.213.98.253,80,India,http.txt
45.13.226.125,80,Germany,http.txt
112.119.43.57,80,Hong Kong,http.txt
74.176.195.135,80,Japan,http.txt
216.146.18.253,8080,United States,http.txt
46.161.6.165,8080,Russia,http.txt
163.223.78.189,8080,Indonesia,http.txt
103.188.173.152,8080,Indonesia,http.txt
5.161.149.111,80,United States,http.txt
42.3.155.116,80,Hong Kong,http.txt
203.218.62.15,80,Hong Kong,http.txt
81.177.111.146,8080,Russia,http.txt
119.192.157.20,80,South Korea,http.txt
91.107.171.19,80,Germany,http.txt
182.155.200.61,80,Taiwan,http.txt
112.120.221.241,80,Hong Kong,http.txt
48.210.225.96,80,Japan,http.txt
80.78.31.24,80,Sweden,http.txt
112.184.234.229,80,South Korea,http.txt
103.156.14.157,8181,Indonesia,http.txt
154.17.224.118,80,United States,http.txt
78.92.191.74,80,Hungary,http.txt
218.252.100.222,80,Hong Kong,http.txt
192.151.153.243,80,United States,http.txt
84.234.174.170,80,Norway,http.txt
80.78.31.23,80,Sweden,http.txt
41.220.16.218,80,Zimbabwe,http.txt
41.220.16.214,80,Zimbabwe,http.txt
50.203.147.156,80,United States,http.txt
41.220.16.211,80,Zimbabwe,http.txt
202.133.88.173,80,France,http.txt
156.246.90.81,80,Japan,http.txt
91.99.181.245,80,Germany,http.txt
46.29.20.233,80,Poland,http.txt
89.116.88.19,80,Japan,http.txt
197.221.249.195,80,Zimbabwe,http.txt
62.60.151.128,80,Sweden,http.txt
141.11.184.60,80,The Netherlands,http.txt
50.203.147.153,80,United States,http.txt
50.203.147.155,80,United States,http.txt
50.203.147.152,80,United States,http.txt
188.245.218.56,80,Germany,http.txt
185.129.117.221,80,Finland,http.txt
38.60.196.214,80,United Kingdom,http.txt
89.110.115.238,80,The Netherlands,http.txt
185.128.138.118,80,France,http.txt
46.62.254.141,80,Finland,http.txt
154.205.147.214,80,Oman,http.txt
157.180.118.86,80,Finland,http.txt
87.98.173.34,80,France,http.txt
5.202.176.42,80,United Kingdom,http.txt
193.107.126.91,80,France,http.txt
85.214.204.79,80,Germany,http.txt
40.172.124.125,80,United Arab Emirates,http.txt
154.31.113.209,80,Japan,http.txt
103.253.43.144,80,Hong Kong,http.txt
65.109.176.217,80,Finland,http.txt
23.21.173.129,80,United States,http.txt
89.188.242.243,80,Russia,http.txt
176.226.200.167,80,Russia,http.txt
222.234.52.105,80,South Korea,http.txt
172.237.73.24,80,Singapore,http.txt
103.231.45.182,8080,India,http.txt
203.223.89.185,8080,Bangladesh,http.txt
37.79.248.25,80,Russia,http.txt
182.155.48.223,80,Taiwan,http.txt
219.249.37.107,8382,South Korea,http.txt
47.206.148.13,80,United States,http.txt
50.203.147.157,80,United States,http.txt
202.191.124.141,25256,Bangladesh,http.txt
202.5.53.145,9355,Bangladesh,http.txt
170.84.147.129,8087,Brazil,http.txt
175.207.176.214,80,South Korea,http.txt
78.153.4.52,8080,Russia,http.txt
202.83.30.96,80,India,http.txt
172.193.178.226,80,United States,http.txt
213.108.130.185,80,Russia,http.txt
45.80.215.245,80,France,http.txt
195.58.48.251,80,Russia,http.txt
89.238.200.81,80,Romania,http.txt
59.6.25.118,3128,South Korea,http.txt
50.203.147.158,80,United States,http.txt
151.245.215.30,3128,United Arab Emirates,http.txt
137.59.49.137,1120,Bangladesh,http.txt
46.246.1.106,3128,Sweden,http.txt
43.252.107.102,7777,Indonesia,http.txt
70.186.128.126,8080,United States,http.txt
103.126.87.181,7777,Indonesia,http.txt
103.138.185.81,84,India,http.txt
49.48.97.98,8080,Thailand,http.txt
115.114.77.133,9090,India,http.txt
95.173.218.69,8081,Singapore,http.txt
14.225.8.195,3218,Vietnam,http.txt
190.110.97.62,999,Chile,http.txt
95.173.218.78,8081,Singapore,http.txt
137.59.49.252,1120,Bangladesh,http.txt
190.109.6.121,999,Colombia,http.txt
137.59.51.123,1120,Bangladesh,http.txt
103.30.30.226,8585,Bangladesh,http.txt
162.240.154.26,3128,United States,http.txt
154.27.196.209,999,Mexico,http.txt
47.236.130.95,3128,Singapore,http.txt
103.156.16.191,8080,Indonesia,http.txt
103.156.14.165,8085,Indonesia,http.txt
18.188.193.233,9000,United States,http.txt
140.238.197.4,3128,Australia,http.txt
206.189.88.243,8080,Singapore,http.txt
210.61.216.63,60808,Taiwan,http.txt
190.109.6.115,999,Colombia,http.txt
203.95.198.177,8080,Cambodia,http.txt
208.64.37.70,8000,United States,http.txt
84.247.173.203,31280,France,http.txt
101.255.150.254,3128,Indonesia,http.txt
185.118.51.133,3128,Azerbaijan,http.txt
45.167.124.234,999,Colombia,http.txt
188.191.165.159,70,Russia,http.txt
103.137.111.239,8080,Indonesia,http.txt
67.43.236.20,16377,South Korea,http.txt
38.156.75.14,8080,Syria,http.txt
200.106.236.142,3128,El Salvador,http.txt
72.10.164.178,12567,United States,http.txt
203.95.198.174,8080,Cambodia,http.txt
67.43.228.250,2811,Indonesia,http.txt
103.118.44.199,8080,Cambodia,http.txt
67.43.228.253,2811,Indonesia,http.txt
203.95.196.27,8080,Cambodia,http.txt
202.191.123.195,1121,Bangladesh,http.txt
103.162.37.125,8080,Indonesia,http.txt
202.191.127.9,1121,Bangladesh,http.txt
202.191.127.34,1121,Bangladesh,http.txt
202.191.127.106,1121,Bangladesh,http.txt
150.107.140.238,3128,Indonesia,http.txt
103.130.182.41,8080,Indonesia,http.txt
103.47.224.72,8080,Singapore,http.txt
103.47.224.72,3128,Singapore,http.txt
67.43.236.18,5871,Albania,http.txt
43.225.151.30,1121,Bangladesh,http.txt
43.224.116.218,1121,Bangladesh,http.txt
103.250.70.63,1121,Bangladesh,http.txt
103.250.70.193,1121,Bangladesh,http.txt
59.153.19.174,1121,Bangladesh,http.txt
202.4.125.221,1130,Bangladesh,http.txt
103.47.224.72,8888,Singapore,http.txt
38.156.14.20,999,Dominican Republic,http.txt
38.156.14.19,999,Dominican Republic,http.txt
72.10.160.90,5395,Philippines,http.txt
190.97.239.24,999,Venezuela,http.txt
202.5.34.97,21225,Bangladesh,http.txt
202.5.33.129,21225,Bangladesh,http.txt
43.135.20.157,2764,Hong Kong,http.txt
112.78.161.222,8080,Indonesia,http.txt
196.251.131.86,8080,South Africa,http.txt
67.43.228.253,2173,Malaysia,http.txt
101.66.199.191,8085,China,http.txt
194.105.85.58,8080,Italy,http.txt
102.210.245.25,8080,Kenya,http.txt
143.244.143.104,8080,India,http.txt
68.235.35.171,3128,United States,http.txt
154.221.18.165,3128,Hong Kong,http.txt
143.92.156.35,8080,Saudi Arabia,http.txt
103.148.192.189,3128,Indonesia,http.txt
101.32.34.4,8118,Hong Kong,http.txt
8.219.255.17,3128,Singapore,http.txt
20.27.219.85,8080,Japan,http.txt
212.227.231.183,8080,Spain,http.txt
176.118.238.194,1080,Russia,http.txt
181.119.84.210,8080,Colombia,http.txt
37.79.248.2,8090,Russia,http.txt
143.244.143.104,443,India,http.txt
43.102.204.51,36272,Malaysia,http.txt
13.212.186.221,3128,Singapore,http.txt
13.229.61.19,3128,Singapore,http.txt
13.229.95.140,3128,Singapore,http.txt
67.43.228.250,10663,South Korea,http.txt
43.102.204.48,20299,United States,http.txt
185.97.122.223,49200,Italy,http.txt
8.212.157.10,443,Philippines,http.txt
67.43.236.20,33223,Saudi Arabia,http.txt
134.35.208.150,8080,Yemen,http.txt
72.10.160.93,8387,Myanmar,http.txt
72.10.164.178,10843,Nigeria,http.txt
72.10.164.178,19141,Mongolia,http.txt
84.17.47.150,9002,The Netherlands,https.txt
84.17.47.149,9002,The Netherlands,https.txt
84.17.47.148,9002,The Netherlands,https.txt
84.17.47.147,9002,The Netherlands,https.txt
84.17.47.146,9002,The Netherlands,https.txt
84.17.47.126,9002,The Netherlands,https.txt
84.17.47.125,9002,The Netherlands,https.txt
84.17.47.124,9002,The Netherlands,https.txt
141.147.9.254,443,Germany,https.txt
193.176.84.16,9002,Romania,https.txt
193.176.84.19,9002,Romania,https.txt
193.176.84.20,9002,Romania,https.txt
193.176.84.21,9002,Romania,https.txt
193.176.84.22,9002,Romania,https.txt
193.176.84.23,9002,Romania,https.txt
65.108.150.56,8443,Finland,https.txt
68.183.143.134,443,United States,https.txt
194.67.91.153,443,Russia,https.txt
129.151.160.199,443,South Africa,https.txt
197.243.20.178,443,Rwanda,https.txt
74.103.66.15,443,United States,https.txt
91.121.88.53,443,France,https.txt
31.28.4.192,443,Russia,https.txt
167.99.124.118,443,United States,https.txt
4.188.236.47,443,India,https.txt
196.223.129.21,443,South Africa,https.txt
34.122.187.196,443,United States,https.txt
103.37.111.253,10086,Japan,https.txt
78.28.152.113,443,Bosnia and Herzegovina,https.txt
206.81.26.113,443,Germany,https.txt
23.88.59.163,443,Germany,https.txt
51.38.191.151,443,France,https.txt
154.65.39.7,443,Senegal,https.txt
154.65.39.8,443,Senegal,https.txt
103.37.111.253,10089,Japan,https.txt
207.178.166.187,443,United States,https.txt
103.179.190.121,443,Vietnam,https.txt
116.203.117.22,443,Germany,https.txt
65.108.104.111,443,Finland,https.txt
184.168.123.21,443,Singapore,https.txt
128.199.207.200,443,Singapore,https.txt
144.91.90.109,443,France,https.txt
45.114.142.178,443,India,https.txt
34.68.168.129,443,United States,https.txt
195.114.209.50,443,Spain,https.txt
138.199.35.215,9002,United States,https.txt
138.199.35.214,9002,United States,https.txt
138.199.35.213,9002,United States,https.txt
138.199.35.212,9002,United States,https.txt
138.199.35.208,9002,United States,https.txt
138.199.35.205,9002,United States,https.txt
138.199.35.204,9002,United States,https.txt
138.199.35.203,9002,United States,https.txt
138.199.35.201,9002,United States,https.txt
138.199.35.200,9002,United States,https.txt
138.199.35.198,9002,United States,https.txt
138.199.35.197,9002,United States,https.txt
138.199.35.196,9002,United States,https.txt
138.199.35.195,9002,United States,https.txt
45.92.108.112,443,Switzerland,https.txt
193.176.84.24,9002,Romania,https.txt
193.176.84.32,9002,Romania,https.txt
193.176.84.34,9002,Romania,https.txt
193.176.84.35,9002,Romania,https.txt
193.176.84.37,9002,Romania,https.txt
193.176.84.39,9002,Romania,https.txt
193.176.84.40,9002,Romania,https.txt
89.117.55.119,443,France,https.txt
193.176.84.9,9002,Romania,https.txt
193.176.84.10,9002,Romania,https.txt
193.176.84.11,9002,Romania,https.txt
193.176.84.12,9002,Romania,https.txt
138.199.35.199,9002,United States,https.txt
138.199.35.217,9002,United States,https.txt
167.71.166.28,8443,United States,https.txt
57.129.1.214,443,Germany,https.txt
156.146.59.28,9002,United States,https.txt
156.146.59.29,9002,United States,https.txt
156.146.59.50,9002,United States,https.txt
150.136.153.231,443,United States,https.txt
217.69.241.186,443,Germany,https.txt
162.243.95.8,443,United States,https.txt
149.57.28.10,9443,Canada,https.txt
116.203.49.36,443,Germany,https.txt
84.239.49.164,9002,Romania,https.txt
156.146.59.8,9002,United States,https.txt
156.146.59.13,9002,United States,https.txt
156.146.59.2,9002,United States,https.txt
156.146.59.3,9002,United States,https.txt
156.146.59.4,9002,United States,https.txt
156.146.59.5,9002,United States,https.txt
156.146.59.6,9002,United States,https.txt
156.146.59.7,9002,United States,https.txt
156.146.59.9,9002,United States,https.txt
156.146.59.10,9002,United States,https.txt
84.239.49.37,9002,Romania,https.txt
84.239.49.38,9002,Romania,https.txt
84.239.49.39,9002,Romania,https.txt
156.146.59.11,9002,United States,https.txt
84.239.49.40,9002,Romania,https.txt
84.239.49.41,9002,Romania,https.txt
84.239.49.43,9002,Romania,https.txt
84.239.49.44,9002,Romania,https.txt
84.239.49.45,9002,Romania,https.txt
84.239.49.46,9002,Romania,https.txt
84.239.49.47,9002,Romania,https.txt
84.239.49.48,9002,Romania,https.txt
84.239.49.49,9002,Romania,https.txt
84.239.49.50,9002,Romania,https.txt
156.146.59.12,9002,United States,https.txt
84.239.49.51,9002,Romania,https.txt
156.146.59.14,9002,United States,https.txt
156.146.59.15,9002,United States,https.txt
156.146.59.16,9002,United States,https.txt
156.146.59.17,9002,United States,https.txt
156.146.59.18,9002,United States,https.txt
156.146.59.19,9002,United States,https.txt
156.146.59.20,9002,United States,https.txt
84.239.49.157,9002,Romania,https.txt
84.239.49.161,9002,Romania,https.txt
84.239.49.169,9002,Romania,https.txt
84.239.49.200,9002,Romania,https.txt
84.239.49.204,9002,Romania,https.txt
84.239.49.209,9002,Romania,https.txt
84.239.49.218,9002,Romania,https.txt
84.239.49.220,9002,Romania,https.txt
84.239.49.229,9002,Romania,https.txt
84.239.49.231,9002,Romania,https.txt
84.239.49.244,9002,Romania,https.txt
84.239.49.246,9002,Romania,https.txt
84.239.49.247,9002,Romania,https.txt
84.239.49.248,9002,Romania,https.txt
84.239.49.249,9002,Romania,https.txt
84.239.49.250,9002,Romania,https.txt
84.239.49.251,9002,Romania,https.txt
84.239.49.253,9002,Romania,https.txt
84.239.49.254,9002,Romania,https.txt
84.239.14.176,9002,Romania,https.txt
84.239.14.160,9002,Romania,https.txt
67.21.32.144,9443,United States,https.txt
84.239.14.146,9002,Romania,https.txt
84.239.14.147,9002,Romania,https.txt
84.239.14.148,9002,Romania,https.txt
84.239.14.149,9002,Romania,https.txt
84.239.14.150,9002,Romania,https.txt
84.239.14.151,9002,Romania,https.txt
84.239.14.152,9002,Romania,https.txt
84.239.14.153,9002,Romania,https.txt
84.239.14.154,9002,Romania,https.txt
84.239.14.155,9002,Romania,https.txt
84.239.14.156,9002,Romania,https.txt
84.239.14.157,9002,Romania,https.txt
84.239.14.158,9002,Romania,https.txt
84.239.14.159,9002,Romania,https.txt
84.239.14.162,9002,Romania,https.txt
84.239.14.163,9002,Romania,https.txt
84.239.14.164,9002,Romania,https.txt
84.239.14.165,9002,Romania,https.txt
84.239.14.166,9002,Romania,https.txt
84.239.14.167,9002,Romania,https.txt
84.239.14.168,9002,Romania,https.txt
84.239.14.169,9002,Romania,https.txt
84.239.14.170,9002,Romania,https.txt
84.239.14.171,9002,Romania,https.txt
84.239.14.172,9002,Romania,https.txt
84.239.14.173,9002,Romania,https.txt
84.239.14.174,9002,Romania,https.txt
84.239.14.175,9002,Romania,https.txt
192.73.244.36,443,United States,https.txt
51.254.213.34,443,France,https.txt
156.232.10.14,3128,Seychelles,https.txt
51.79.173.71,443,Singapore,https.txt
133.242.203.223,443,Japan,https.txt
62.138.18.91,443,France,https.txt
102.130.125.86,443,South Africa,https.txt
130.180.208.145,443,France,https.txt
79.174.12.190,443,Russia,https.txt
203.189.96.232,443,Japan,https.txt
159.65.244.233,443,United States,https.txt
20.205.138.223,443,Hong Kong,https.txt
156.146.59.49,9002,United States,https.txt
84.239.49.154,9002,Romania,https.txt
84.239.49.191,9002,Romania,https.txt
84.239.49.238,9002,Romania,https.txt
193.176.84.7,9002,Romania,https.txt
156.146.59.41,9002,United States,https.txt
84.239.49.180,9002,Romania,https.txt
84.239.49.245,9002,Romania,https.txt
84.239.49.55,9002,Romania,https.txt
84.239.49.199,9002,Romania,https.txt
138.199.35.207,9002,United States,https.txt
84.239.49.242,9002,Romania,https.txt
84.239.49.178,9002,Romania,https.txt
193.176.84.36,9002,Romania,https.txt
84.239.49.166,9002,Romania,https.txt
138.199.35.220,9002,United States,https.txt
84.239.49.243,9002,Romania,https.txt
84.239.49.211,9002,Romania,https.txt
84.239.49.170,9002,Romania,https.txt
84.239.49.62,9002,Romania,https.txt
193.176.84.3,9002,Romania,https.txt
84.239.49.60,9002,Romania,https.txt
151.115.78.51,443,Poland,https.txt
84.239.49.219,9002,Romania,https.txt
138.199.35.216,9002,United States,https.txt
193.176.84.29,9002,Romania,https.txt
193.176.84.8,9002,Romania,https.txt
84.239.49.165,9002,Romania,https.txt
84.239.49.230,9002,Romania,https.txt
138.199.35.218,9002,United States,https.txt
193.176.84.33,9002,Romania,https.txt
138.199.35.202,9002,United States,https.txt
84.239.49.162,9002,Romania,https.txt
84.239.49.167,9002,Romania,https.txt
84.239.49.163,9002,Romania,https.txt
193.176.84.14,9002,Romania,https.txt
84.239.49.224,9002,Romania,https.txt
84.17.47.123,9002,The Netherlands,https.txt
84.239.49.188,9002,Romania,https.txt
156.146.59.34,9002,United States,https.txt
84.239.49.160,9002,Romania,https.txt
156.146.59.22,9002,United States,https.txt
156.146.59.27,9002,United States,https.txt
84.239.49.214,9002,Romania,https.txt
37.9.171.157,443,Slovakia,https.txt
84.239.49.232,9002,Romania,https.txt
84.239.49.233,9002,Romania,https.txt
156.146.59.23,9002,United States,https.txt
193.176.84.30,9002,Romania,https.txt
84.239.49.175,9002,Romania,https.txt
84.239.49.186,9002,Romania,https.txt
156.146.59.39,9002,United States,https.txt
84.239.49.172,9002,Romania,https.txt
84.239.49.177,9002,Romania,https.txt
84.239.49.173,9002,Romania,https.txt
84.239.49.201,9002,Romania,https.txt
156.146.59.25,9002,United States,https.txt
156.146.59.31,9002,United States,https.txt
84.239.49.61,9002,Romania,https.txt
84.239.49.221,9002,Romania,https.txt
84.239.49.235,9002,Romania,https.txt
84.239.49.240,9002,Romania,https.txt
84.239.49.194,9002,Romania,https.txt
84.239.49.185,9002,Romania,https.txt
193.176.84.6,9002,Romania,https.txt
84.239.49.159,9002,Romania,https.txt
84.239.49.59,9002,Romania,https.txt
84.239.49.236,9002,Romania,https.txt
156.146.59.44,9002,United States,https.txt
193.176.84.4,9002,Romania,https.txt
84.239.49.183,9002,Romania,https.txt
84.239.49.168,9002,Romania,https.txt
84.239.49.176,9002,Romania,https.txt
193.176.84.38,9002,Romania,https.txt
84.239.49.182,9002,Romania,https.txt
138.199.35.219,9002,United States,https.txt
84.239.49.187,9002,Romania,https.txt
84.239.49.56,9002,Romania,https.txt
84.239.49.202,9002,Romania,https.txt
156.146.59.32,9002,United States,https.txt
156.146.59.37,9002,United States,https.txt
84.239.49.207,9002,Romania,https.txt
84.239.49.227,9002,Romania,https.txt
84.239.49.179,9002,Romania,https.txt
84.239.49.222,9002,Romania,https.txt
138.199.35.206,9002,United States,https.txt
193.176.84.17,9002,Romania,https.txt
193.176.84.13,9002,Romania,https.txt
84.239.49.223,9002,Romania,https.txt
84.239.49.210,9002,Romania,https.txt
84.239.49.171,9002,Romania,https.txt
156.146.59.33,9002,United States,https.txt
138.199.35.211,9002,United States,https.txt
84.239.49.203,9002,Romania,https.txt
84.239.49.252,9002,Romania,https.txt
156.146.59.48,9002,United States,https.txt
84.239.49.239,9002,Romania,https.txt
84.239.49.54,9002,Romania,https.txt
84.239.49.156,9002,Romania,https.txt
84.239.49.205,9002,Romania,https.txt
156.146.59.21,9002,United States,https.txt
156.146.59.35,9002,United States,https.txt
84.239.49.198,9002,Romania,https.txt
84.239.49.225,9002,Romania,https.txt
84.239.49.155,9002,Romania,https.txt
156.146.59.40,9002,United States,https.txt
84.239.49.181,9002,Romania,https.txt
84.239.49.226,9002,Romania,https.txt
84.239.49.190,9002,Romania,https.txt
156.146.59.36,9002,United States,https.txt
84.239.49.206,9002,Romania,https.txt
84.239.49.189,9002,Romania,https.txt
84.239.49.53,9002,Romania,https.txt
84.239.49.228,9002,Romania,https.txt
138.199.35.209,9002,United States,https.txt
193.176.84.26,9002,Romania,https.txt
84.239.49.213,9002,Romania,https.txt
84.239.49.234,9002,Romania,https.txt
84.239.49.217,9002,Romania,https.txt
47.88.35.91,3128,United States,https.txt
181.215.52.6,9443,United States,https.txt
13.80.134.180,443,The Netherlands,https.txt
51.83.190.248,443,France,https.txt
156.38.112.11,443,Ghana,https.txt
79.139.61.227,443,Hungary,https.txt
149.126.16.38,443,Russia,https.txt
13.66.206.110,443,United States,https.txt
40.113.199.101,443,United States,https.txt
52.184.228.103,443,United States,https.txt
40.122.106.245,443,United States,https.txt
13.77.70.244,443,United States,https.txt
159.65.245.255,443,United States,https.txt
154.26.139.232,443,Singapore,https.txt
154.90.48.76,443,Indonesia,https.txt
51.158.253.115,443,The Netherlands,https.txt
185.245.84.50,9443,Denmark,https.txt
51.158.253.130,443,The Netherlands,https.txt
51.158.253.120,443,The Netherlands,https.txt
51.158.253.113,443,The Netherlands,https.txt
51.158.253.153,443,The Netherlands,https.txt
51.158.253.152,443,The Netherlands,https.txt
156.146.59.46,9002,United States,https.txt
84.239.49.42,9002,Romania,https.txt
156.146.59.42,9002,United States,https.txt
84.239.49.57,9002,Romania,https.txt
84.239.49.58,9002,Romania,https.txt
84.239.49.158,9002,Romania,https.txt
84.239.49.184,9002,Romania,https.txt
84.239.49.192,9002,Romania,https.txt
84.239.49.193,9002,Romania,https.txt
84.239.49.196,9002,Romania,https.txt
84.239.49.197,9002,Romania,https.txt
84.239.49.208,9002,Romania,https.txt
84.239.49.212,9002,Romania,https.txt
84.239.49.215,9002,Romania,https.txt
84.239.49.241,9002,Romania,https.txt
156.146.59.24,9002,United States,https.txt
156.146.59.30,9002,United States,https.txt
156.146.59.38,9002,United States,https.txt
156.146.59.43,9002,United States,https.txt
156.146.59.45,9002,United States,https.txt
156.146.59.47,9002,United States,https.txt
51.158.252.252,443,The Netherlands,https.txt
51.158.253.114,443,The Netherlands,https.txt
51.158.252.160,443,The Netherlands,https.txt
51.158.253.128,443,The Netherlands,https.txt
165.231.253.66,9443,India,https.txt
165.231.253.242,9443,India,https.txt
51.158.253.154,443,The Netherlands,https.txt
167.99.236.14,443,United States,https.txt
51.158.253.45,443,The Netherlands,https.txt
51.158.253.77,443,The Netherlands,https.txt
51.158.253.78,443,The Netherlands,https.txt
138.199.35.210,9002,United States,https.txt
128.199.195.19,8888,Singapore,https.txt
104.129.194.45,10228,United States,https.txt
104.129.194.44,11263,United States,https.txt
47.243.181.85,41419,Japan,https.txt
148.233.136.213,443,Mexico,https.txt
54.37.72.89,443,Germany,https.txt
104.129.194.38,11691,United States,https.txt
104.129.194.38,11745,United States,https.txt
47.243.181.85,8081,Taiwan,https.txt
165.225.113.220,11677,Singapore,https.txt
165.225.113.220,11265,Singapore,https.txt
104.129.194.45,11265,United States,https.txt
104.129.194.46,11742,United States,https.txt
104.129.194.45,11742,United States,https.txt
152.230.215.123,443,Chile,https.txt
104.129.194.46,11723,United States,https.txt
104.129.194.43,11723,United States,https.txt
104.129.194.43,11749,United States,https.txt
104.129.194.46,11747,United States,https.txt
104.129.194.44,11747,United States,https.txt
104.129.194.43,11677,United States,https.txt
104.129.194.44,11677,United States,https.txt
103.241.129.229,8443,Japan,https.txt
103.241.129.4,8443,Japan,https.txt
103.241.129.6,8443,Japan,https.txt
103.241.129.7,8443,Japan,https.txt
103.241.129.19,8443,Japan,https.txt
103.241.129.22,8443,Japan,https.txt
103.241.129.23,8443,Japan,https.txt
103.241.129.182,8443,Japan,https.txt
103.241.129.183,8443,Japan,https.txt
103.241.129.184,8443,Japan,https.txt
103.241.129.190,8443,Japan,https.txt
103.241.129.209,8443,Japan,https.txt
103.241.129.236,8443,Japan,https.txt
103.241.129.237,8443,Japan,https.txt
103.241.129.246,8443,Japan,https.txt
103.241.129.251,8443,Japan,https.txt
103.241.129.253,8443,Japan,https.txt
103.241.130.5,8443,Japan,https.txt
103.241.129.3,8443,Japan,https.txt
103.241.129.15,8443,Japan,https.txt
103.241.129.177,8443,Japan,https.txt
103.241.129.198,8443,Japan,https.txt
103.241.129.204,8443,Japan,https.txt
103.241.129.205,8443,Japan,https.txt
103.241.129.206,8443,Japan,https.txt
103.241.129.207,8443,Japan,https.txt
103.241.129.211,8443,Japan,https.txt
103.241.129.222,8443,Japan,https.txt
103.241.129.225,8443,Japan,https.txt
103.241.129.226,8443,Japan,https.txt
103.241.129.227,8443,Japan,https.txt
103.241.129.231,8443,Japan,https.txt
103.241.129.233,8443,Japan,https.txt
103.241.129.235,8443,Japan,https.txt
103.241.128.136,8443,Japan,https.txt
103.241.129.208,8443,Japan,https.txt
103.241.129.210,8443,Japan,https.txt
103.241.129.189,8443,Japan,https.txt
104.129.194.38,11480,United States,https.txt
104.129.194.43,11480,United States,https.txt
104.129.194.46,10227,United States,https.txt
104.129.194.45,10227,United States,https.txt
104.129.194.44,10227,United States,https.txt
165.225.113.220,10227,Singapore,https.txt
103.37.111.253,10087,Japan,https.txt
123.31.29.158,443,Vietnam,https.txt
104.129.194.46,11726,United States,https.txt
104.129.194.44,11273,United States,https.txt
104.129.194.43,11728,United States,https.txt
104.129.194.44,11741,United States,https.txt
104.129.194.43,11741,United States,https.txt
104.129.194.46,11714,United States,https.txt
212.58.132.189,8443,United States,https.txt
212.58.132.188,8443,United States,https.txt
104.129.194.43,11714,United States,https.txt
104.129.194.45,11703,United States,https.txt
104.129.194.45,11714,United States,https.txt
104.129.194.46,11712,United States,https.txt
104.129.194.43,11716,United States,https.txt
104.129.194.45,11711,United States,https.txt
104.129.194.44,11711,United States,https.txt
61.157.135.26,9727,China,https.txt
104.129.194.45,11691,United States,https.txt
64.181.235.123,3128,United States,https.txt
65.109.40.163,8443,Finland,https.txt
23.106.56.43,19881,United Kingdom,https.txt
167.235.198.62,443,Germany,https.txt
51.161.79.152,8888,Canada,https.txt
1.234.23.159,443,South Korea,https.txt
196.1.93.16,443,Senegal,https.txt
162.19.49.131,443,France,https.txt
94.23.9.170,443,France,https.txt
104.129.194.46,11699,United States,https.txt
104.129.194.44,11709,United States,https.txt
104.129.194.43,11725,United States,https.txt
51.159.225.129,8118,The Netherlands,https.txt
187.217.194.178,86,Mexico,https.txt
87.255.196.143,443,Kazakhstan,https.txt
186.65.109.21,443,Argentina,https.txt
136.226.232.13,10230,India,https.txt
104.129.194.44,11725,United States,https.txt
212.83.168.126,8081,France,https.txt
51.159.226.157,443,The Netherlands,https.txt
51.159.226.159,443,The Netherlands,https.txt
51.159.226.153,443,The Netherlands,https.txt
51.159.226.154,443,The Netherlands,https.txt
51.159.226.151,443,The Netherlands,https.txt
51.159.226.150,443,The Netherlands,https.txt
51.159.226.155,443,The Netherlands,https.txt
51.159.226.149,443,The Netherlands,https.txt
51.159.226.156,443,The Netherlands,https.txt
51.159.226.162,443,The Netherlands,https.txt
51.159.226.128,443,The Netherlands,https.txt
51.159.226.160,443,The Netherlands,https.txt
51.159.226.158,443,The Netherlands,https.txt
51.159.226.161,443,The Netherlands,https.txt
51.159.226.152,443,The Netherlands,https.txt
104.129.194.45,11657,United States,https.txt
51.158.202.56,443,The Netherlands,https.txt
51.159.226.129,443,The Netherlands,https.txt
51.158.253.130,14991,The Netherlands,https.txt
51.159.225.194,23767,The Netherlands,https.txt
51.158.204.131,23767,The Netherlands,https.txt
174.138.54.65,443,United States,https.txt
195.231.69.203,443,Italy,https.txt
51.158.253.45,7901,The Netherlands,https.txt
47.242.121.18,8443,Hong Kong,https.txt
51.158.253.115,17401,The Netherlands,https.txt
23.94.251.185,3128,United States,https.txt
47.240.86.21,3128,Hong Kong,https.txt
51.159.226.154,17401,The Netherlands,https.txt
104.129.194.38,11658,United States,https.txt
47.241.70.64,8888,Singapore,https.txt
185.53.129.141,9090,The Netherlands,https.txt
51.158.202.102,8118,The Netherlands,https.txt
51.159.225.202,8118,The Netherlands,https.txt
51.159.226.149,7081,The Netherlands,https.txt
51.158.252.3,443,The Netherlands,https.txt
51.159.226.159,10243,The Netherlands,https.txt
104.129.194.44,11500,United States,https.txt
23.106.249.34,21125,Singapore,https.txt
51.158.252.160,10074,The Netherlands,https.txt
104.129.194.43,11643,United States,https.txt
51.158.253.152,10243,The Netherlands,https.txt
51.159.226.151,10074,The Netherlands,https.txt
23.106.56.19,7579,United Kingdom,https.txt
51.159.226.159,5094,The Netherlands,https.txt
51.159.226.128,15846,The Netherlands,https.txt
51.158.252.50,15846,The Netherlands,https.txt
84.17.57.113,443,Hong Kong,https.txt
104.129.194.44,11698,United States,https.txt
23.106.56.11,7714,United Kingdom,https.txt
154.26.182.140,3128,United States,https.txt
84.17.50.157,9443,United Kingdom,https.txt
23.106.56.35,16927,United Kingdom,https.txt
188.226.195.20,8881,The Netherlands,https.txt
103.210.22.17,3129,Singapore,https.txt
104.129.194.38,11746,United States,https.txt
62.171.146.164,443,Germany,https.txt
23.106.249.54,6550,Singapore,https.txt
51.159.225.196,23856,The Netherlands,https.txt
104.129.194.46,11735,United States,https.txt
107.152.33.202,8888,United States,https.txt
66.135.16.53,443,United States,https.txt
23.106.56.52,15767,United Kingdom,https.txt
51.159.225.197,19362,The Netherlands,https.txt
103.37.111.253,10088,Japan,https.txt
221.153.92.39,443,South Korea,https.txt
51.158.204.131,3004,The Netherlands,https.txt
165.225.113.220,11683,Singapore,https.txt
104.129.194.44,11704,United States,https.txt
151.115.98.4,443,Poland,https.txt
51.159.226.153,7901,The Netherlands,https.txt
23.106.56.54,6157,United Kingdom,https.txt
51.158.252.149,16684,The Netherlands,https.txt
51.159.226.126,16684,The Netherlands,https.txt
109.123.219.11,8689,Czechia,https.txt
51.158.253.45,5299,The Netherlands,https.txt
51.158.204.46,21384,The Netherlands,https.txt
51.159.226.161,19030,The Netherlands,https.txt
51.159.226.156,10472,The Netherlands,https.txt
51.158.253.152,5698,The Netherlands,https.txt
51.159.226.159,5698,The Netherlands,https.txt
51.159.226.126,443,The Netherlands,https.txt
205.185.125.136,8888,United States,https.txt
193.176.84.18,9002,Romania,https.txt
193.176.84.5,9002,Romania,https.txt
193.176.84.25,9002,Romania,https.txt
193.176.84.27,9002,Romania,https.txt
193.176.84.31,9002,Romania,https.txt
151.115.98.9,443,Poland,https.txt
102.209.56.21,443,Kenya,https.txt
23.106.249.52,2569,Singapore,https.txt
104.129.194.45,11698,United States,https.txt
104.129.194.43,11746,United States,https.txt
151.115.98.6,443,Poland,https.txt
94.156.112.198,3129,Germany,https.txt
165.225.72.38,11725,Germany,https.txt
104.129.194.38,11737,United States,https.txt
151.115.98.198,443,Poland,https.txt
5.189.184.6,443,France,https.txt
165.225.113.220,11692,Singapore,https.txt
165.225.113.220,11263,Singapore,https.txt
108.181.18.175,4001,United States,https.txt
104.129.194.45,11721,United States,https.txt
104.129.194.43,11721,United States,https.txt
104.129.194.38,11721,United States,https.txt
104.129.194.43,11734,United States,https.txt
104.129.194.44,11734,United States,https.txt
47.243.181.85,41713,United States,https.txt
151.115.98.120,443,Poland,https.txt
165.225.113.220,11747,Singapore,https.txt
182.155.254.159,443,Taiwan,https.txt
47.243.181.85,8080,Hong Kong,https.txt
165.225.113.220,11716,Singapore,https.txt
142.93.195.158,443,United States,https.txt
205.178.186.112,8443,United States,https.txt
51.159.28.39,443,France,https.txt
205.178.136.158,8447,United States,https.txt
165.225.113.220,11725,Singapore,https.txt
104.129.194.46,11692,United States,https.txt
104.129.194.45,11682,United States,https.txt
104.129.194.38,11643,United States,https.txt
104.129.194.43,11727,United States,https.txt
104.129.194.43,11737,United States,https.txt
104.129.194.45,11718,United States,https.txt
151.115.98.141,443,Poland,https.txt
104.129.194.43,11745,United States,https.txt
104.129.194.43,11683,United States,https.txt
163.172.53.142,443,France,https.txt
103.37.111.253,10091,Japan,https.txt
196.1.93.10,443,Senegal,https.txt
151.115.98.201,443,Poland,https.txt
151.115.98.213,443,Poland,https.txt
151.115.98.36,443,Poland,https.txt
95.66.244.250,443,Russia,https.txt
80.149.142.142,443,Germany,https.txt
47.243.181.85,41688,United States,https.txt
163.172.167.48,443,France,https.txt
109.123.219.11,8686,Czechia,https.txt
180.166.128.182,12011,China,https.txt
151.115.98.203,443,Poland,https.txt
51.159.226.148,443,The Netherlands,https.txt
151.115.98.8,443,Poland,https.txt
95.164.1.87,443,Russia,https.txt
94.16.116.86,8448,Germany,https.txt
165.225.72.151,11642,Germany,https.txt
165.225.72.149,11273,Germany,https.txt
47.243.181.85,41689,United States,https.txt
51.159.226.125,443,The Netherlands,https.txt
180.166.128.182,34001,China,https.txt
47.243.181.85,41698,United States,https.txt
165.225.72.150,10228,Germany,https.txt
151.115.99.132,443,Poland,https.txt
151.115.98.18,443,Poland,https.txt
151.115.98.7,443,Poland,https.txt
51.158.202.56,14287,The Netherlands,https.txt
118.141.251.64,443,Hong Kong,https.txt
51.158.194.107,14287,The Netherlands,https.txt
51.158.194.16,14287,The Netherlands,https.txt
45.12.132.12,8081,Cyprus,https.txt
45.12.136.164,8081,Cyprus,https.txt
5.182.37.132,8081,Russia,https.txt
5.182.39.182,8081,Russia,https.txt
89.111.26.157,443,Latvia,https.txt
51.159.226.163,443,The Netherlands,https.txt
205.178.136.6,8443,United States,https.txt
104.129.194.38,11011,United States,https.txt
104.129.194.44,11011,United States,https.txt
104.129.194.43,11011,United States,https.txt
104.129.194.38,11655,United States,https.txt
165.225.72.150,11723,Germany,https.txt
165.225.113.220,11723,Singapore,https.txt
165.225.72.149,11723,Germany,https.txt
165.225.72.149,11659,Germany,https.txt
165.225.72.149,11711,Germany,https.txt
165.225.72.151,11698,Germany,https.txt
151.115.98.205,443,Poland,https.txt
15.237.246.204,443,France,https.txt
165.225.72.149,11716,Germany,https.txt
206.188.209.146,8443,United States,https.txt
82.115.60.66,443,Kazakhstan,https.txt
89.111.26.123,443,Latvia,https.txt
180.166.128.182,24001,China,https.txt
89.111.28.77,443,Latvia,https.txt
165.225.72.151,11725,Germany,https.txt
165.225.72.150,11725,Germany,https.txt
89.111.26.242,443,Latvia,https.txt
37.120.210.66,9443,Japan,https.txt
206.188.209.27,8447,United States,https.txt
206.188.208.101,8447,United States,https.txt
205.178.144.89,8447,United States,https.txt
89.111.26.246,443,Latvia,https.txt
206.188.209.229,8447,United States,https.txt
89.111.26.243,443,Latvia,https.txt
89.111.26.218,443,Latvia,https.txt
206.188.212.168,8447,United States,https.txt
165.225.72.149,11717,Germany,https.txt
165.225.72.151,11480,Germany,https.txt
205.178.144.157,8443,United States,https.txt
104.129.194.46,11662,United States,https.txt
134.65.238.25,3128,Brazil,https.txt
47.243.181.85,41804,Brazil,https.txt
104.129.194.46,11682,United States,https.txt
205.178.136.88,8443,United States,https.txt
205.178.144.150,8443,United States,https.txt
47.243.181.85,55011,Taiwan,https.txt
205.178.137.238,8443,United States,https.txt
206.188.204.128,8443,United States,https.txt
205.178.136.118,8443,United States,https.txt
206.188.208.181,8443,United States,https.txt
104.129.194.45,11680,United States,https.txt
205.178.137.11,8443,United States,https.txt
47.243.181.85,41407,Japan,https.txt
47.243.181.85,41397,Japan,https.txt
47.243.181.85,41398,Japan,https.txt
89.111.26.250,443,Latvia,https.txt
206.188.207.251,8443,United States,https.txt
206.188.212.6,8443,United States,https.txt
203.115.101.58,443,India,https.txt
206.188.212.226,8447,United States,https.txt
205.178.186.117,8443,United States,https.txt
89.111.26.217,443,Latvia,https.txt
192.210.193.125,3129,United States,https.txt
205.178.144.74,8443,United States,https.txt
165.225.72.38,11713,Germany,https.txt
47.243.181.85,41289,Taiwan,https.txt
47.243.181.85,41129,Taiwan,https.txt
47.243.181.85,41395,Japan,https.txt
47.243.181.85,41312,Taiwan,https.txt
65.108.209.73,443,Finland,https.txt
47.243.181.85,55007,Taiwan,https.txt
47.243.181.85,28085,Hong Kong,https.txt
62.84.245.79,443,The Netherlands,https.txt
51.159.226.124,443,The Netherlands,https.txt
206.188.212.155,8443,United States,https.txt
210.209.236.242,443,Taiwan,https.txt
84.253.226.149,443,Finland,https.txt
34.216.212.51,443,United States,https.txt
87.95.146.131,443,Finland,https.txt
144.202.113.89,443,United States,https.txt
46.62.248.217,443,Finland,https.txt
82.67.115.246,443,France,https.txt
60.244.184.155,443,Taiwan,https.txt
34.205.181.146,443,United States,https.txt
218.54.90.225,443,South Korea,https.txt
169.211.163.139,443,South Korea,https.txt
189.28.180.246,443,Brazil,https.txt
82.115.60.51,443,Kazakhstan,https.txt
218.252.100.222,443,Hong Kong,https.txt
193.107.126.91,443,France,https.txt
210.209.216.78,443,Taiwan,https.txt
89.111.31.104,443,Latvia,https.txt
177.135.230.82,443,Brazil,https.txt
77.37.192.246,4433,Russia,https.txt
95.129.101.73,443,Czechia,https.txt
52.48.229.227,443,Ireland,https.txt
44.250.85.22,443,United States,https.txt
75.84.71.14,443,United States,https.txt
40.172.79.208,443,United Arab Emirates,https.txt
42.3.155.116,443,Hong Kong,https.txt
20.81.205.173,443,United States,https.txt
119.246.32.2,443,Hong Kong,https.txt
205.178.144.173,8443,United States,https.txt
205.178.137.101,8443,United States,https.txt
165.227.118.27,443,United States,https.txt
15.206.25.229,443,India,https.txt
165.225.72.151,11724,Germany,https.txt
182.155.200.61,443,Taiwan,https.txt
20.78.213.56,443,Japan,https.txt
35.88.74.245,443,United States,https.txt
205.178.186.28,8447,United States,https.txt
218.252.118.9,443,Hong Kong,https.txt
88.99.99.26,8888,Germany,https.txt
58.182.192.85,443,Singapore,https.txt
123.205.71.210,443,Taiwan,https.txt
181.16.201.37,8091,Argentina,https.txt
65.108.103.19,443,Finland,https.txt
212.47.232.28,443,France,https.txt
43.224.4.109,443,Hong Kong,https.txt
115.79.4.114,443,Vietnam,https.txt
89.111.31.242,443,Latvia,https.txt
47.243.181.85,41405,Japan,https.txt
218.252.192.228,443,Hong Kong,https.txt
18.202.158.161,443,Ireland,https.txt
147.231.163.133,443,Czechia,https.txt
205.178.144.84,8447,United States,https.txt
205.178.137.100,8443,United States,https.txt
205.178.136.246,8447,United States,https.txt
205.178.137.216,8443,United States,https.txt
158.173.154.82,9002,Germany,https.txt
158.173.154.83,9002,Germany,https.txt
158.173.154.77,9002,Germany,https.txt
158.173.154.79,9002,Germany,https.txt
158.173.154.76,9002,Germany,https.txt
158.173.154.81,9002,Germany,https.txt
158.173.154.85,9002,Germany,https.txt
158.173.154.75,9002,Germany,https.txt
165.225.72.151,11741,Germany,https.txt
205.178.186.29,8443,United States,https.txt
165.232.97.74,443,United Kingdom,https.txt
89.111.31.237,443,Latvia,https.txt
205.178.186.59,8443,United States,https.txt
181.16.201.58,8091,Argentina,https.txt
205.178.137.174,8447,United States,https.txt
165.225.113.220,11709,Singapore,https.txt
165.225.72.151,11727,Germany,https.txt
104.129.194.46,11746,United States,https.txt
104.129.194.44,11746,United States,https.txt
136.169.59.86,443,Latvia,https.txt
125.59.132.156,443,Hong Kong,https.txt
185.88.141.109,443,The Netherlands,https.txt
203.218.62.15,443,Hong Kong,https.txt
143.198.135.176,443,United States,https.txt
139.162.236.244,443,United Kingdom,https.txt
51.159.225.194,3004,The Netherlands,https.txt
205.178.144.83,8443,United States,https.txt
205.178.186.8,8443,United States,https.txt
221.153.152.43,443,South Korea,https.txt
85.214.204.79,443,Germany,https.txt
44.225.30.92,443,United States,https.txt
40.172.124.125,443,United Arab Emirates,https.txt
62.99.135.51,443,Austria,https.txt
41.139.151.147,443,Kenya,https.txt
13.235.43.214,443,India,https.txt
112.120.221.241,443,Hong Kong,https.txt
114.55.114.43,8090,China,https.txt
70.166.69.30,443,United States,https.txt
181.16.201.37,8097,Argentina,https.txt
150.136.163.51,443,United States,https.txt
